image_url,label
https://drive.google.com/uc?id=1CcUQQzUuKVPI7Ta6CWQG2B-KUfBcZvIH,labeled/harmful
https://drive.google.com/uc?id=1bTuoOhGD0LUR_18CXckm6tcRtmWUjsxp,labeled/harmful
https://drive.google.com/uc?id=1zJKfQwwVjr0tpmPp69gEAy2y8Caat-iL,labeled/harmful
https://drive.google.com/uc?id=1xkIfsNofuZF4_rAy_20vhTCPt-DFuaAA,labeled/harmful
https://drive.google.com/uc?id=1mb7_hJCoGB4ZfwmU-w9HUHMgGP7IleW2,labeled/harmful
https://drive.google.com/uc?id=1y9A4mWWKmYvldwxRcAtUk4u5cz3x1pNg,labeled/harmful
https://drive.google.com/uc?id=1Wa0i8Zbs_zgAATw-hBQPHG8UMJ4sJXnv,labeled/harmful
https://drive.google.com/uc?id=1d3_VJMZznyDVa4xD8eqlrRZgmYLtQibB,labeled/harmful
https://drive.google.com/uc?id=13HHNqbOYIEBl0kq4YtpN3ylAcX4b-s7T,labeled/harmful
https://drive.google.com/uc?id=1Z8LIPg1rG7BZgtEVnOxONFpKJ3kXhY-b,labeled/harmful
https://drive.google.com/uc?id=1fIDTsS7DOSnwfpnkQgXD-XcIv5Bg08nx,labeled/harmful
https://drive.google.com/uc?id=1A7Io9ql9AFlwqT9jY0RFm5-jX3VpIqAP,labeled/harmful
https://drive.google.com/uc?id=1wDp_BYEgF1ZiMqpFnzU5Ke89OyJxk9hL,labeled/harmful
https://drive.google.com/uc?id=13U0VJ2lYGTbB89vSyE61Tf7wE4pfD6g4,labeled/harmful
https://drive.google.com/uc?id=1XdLXy_-orhQ6t6U35AEeASkBnHhjDePO,labeled/harmful
https://drive.google.com/uc?id=1mH8wq1SCV5QQG8xm6h4HUQvz18nNId6E,labeled/non_harmful
https://drive.google.com/uc?id=1g6R6rqLWLr148P-YA5BAp1LSwWSRPoLM,labeled/non_harmful
https://drive.google.com/uc?id=1AM7bBIt9yycGB1KHEeF-D5W5K_Oc3jC1,labeled/non_harmful
https://drive.google.com/uc?id=1_bS-XApURyGHXccqIxI1va29yco7g69K,labeled/non_harmful
https://drive.google.com/uc?id=1nkNmTlllKxOYqk6aubss6ScXL3q_Ppqr,labeled/non_harmful
https://drive.google.com/uc?id=10GUWt00W0JfRdCOz9EryEp0e95Vj1CJ1,labeled/non_harmful
https://drive.google.com/uc?id=1zA2YcIROK_Is6suxdSwlxhfrt-y0vIEO,labeled/non_harmful
https://drive.google.com/uc?id=1Rpqsq84bcNARJgDkAqse-xw43qlcod_w,labeled/non_harmful
https://drive.google.com/uc?id=1T8TYf2t2uCpMCnJ-wfHbh8KjrmAKa-LX,labeled/non_harmful
https://drive.google.com/uc?id=1L7mFivOPk7P1vFFWn79dG2A3QptDW6qh,labeled/non_harmful
https://drive.google.com/uc?id=13RrjjfBnBPaNmy6sWjdgU-U7kKzWKk-V,labeled/non_harmful
https://drive.google.com/uc?id=1T9IGRTg0krNAW8Ai0V6U2NYJo1y7jAZC,labeled/non_harmful
https://drive.google.com/uc?id=1IoLjVzp5r52LMbifVErGWIIE2Ip9mQXD,labeled/non_harmful
https://drive.google.com/uc?id=1UEVK9fObBc4b-tL8Tbx_gDbpMJzPBA0T,labeled/non_harmful
https://drive.google.com/uc?id=1sPqxPmAsAuaqY0RuvDQqvoxQ5gaQJ75m,labeled/non_harmful
https://drive.google.com/uc?id=1Alggqr8-c1sSYakTu6et1fxY52-VQWc4,labeled/non_harmful
https://drive.google.com/uc?id=1MmzDtA2uZWhsc92bARpA3MK9g4pLcgYU,labeled/non_harmful
https://drive.google.com/uc?id=11xDsIa0abZWQCbDeqeJrNqJJKt39rq3N,labeled/non_harmful
https://drive.google.com/uc?id=1aHH4HZBIkW6m_8sga2rx75xwaG3SzGbR,labeled/non_harmful
https://drive.google.com/uc?id=1eswqknAbG9PavhFnTIkOvXElg5NWMC8H,labeled/non_harmful
https://drive.google.com/uc?id=1Sgvi4phG2v_n3HKbgtPFSBG29cbQydL4,unlabeled
https://drive.google.com/uc?id=1-1tseDR7Z5zjYKegmyhFcnuAdbmqkqJB,unlabeled
https://drive.google.com/uc?id=1SujVWJiBvMVmZDCuRPTgzI5hx52pNEW6,unlabeled
https://drive.google.com/uc?id=14v-5uAJVwGOprTR0Z-wy0GmlFWbqCdyn,unlabeled
https://drive.google.com/uc?id=1jy2bYvKx1MKGSpvNHcFvn5PL_UJuBb2Q,unlabeled
https://drive.google.com/uc?id=1ERYllBg-a4V3k0-ljbROO3ayEYdMRATq,unlabeled
https://drive.google.com/uc?id=18IMJaA6MzjL6RajGxlSlbLrwHy1CoXjY,unlabeled
https://drive.google.com/uc?id=1K6TGaq0zMPPbeT68EOBzcIlQmnH4lvme,unlabeled
https://drive.google.com/uc?id=1r3dWCIGOpcxv2QXEaRzIDAcWo7zr6Cyw,unlabeled
https://drive.google.com/uc?id=1sO9sDJI6h8j0DoI9QN5VQdJAA50quyLL,unlabeled
https://drive.google.com/uc?id=1aqKMb_l9q6ibO5k4nGEQ4c1F209TZBe2,unlabeled
https://drive.google.com/uc?id=12yGxBPEcm8y7J09-V38-IIz-iwUgvbdp,unlabeled
https://drive.google.com/uc?id=17vxfpDhtymoUett1Gcv3fp0vDj5cCwB6,unlabeled
https://drive.google.com/uc?id=1WZjblmnQrzDg-8MC2Dtog6K6_yS3y4zE,unlabeled
https://drive.google.com/uc?id=1J-83gWWozE4XiwulqQYsRfXOK9K7n9N_,unlabeled
https://drive.google.com/uc?id=1s8QtuUgmA396HGf1lQaG1z-ZVSQIjQsl,unlabeled
https://drive.google.com/uc?id=1Tk2Ro0-f7Y0OQ8c6sLFDygtmmGjAp9ml,unlabeled
https://drive.google.com/uc?id=16a8xscIl_KS5iR-vk58lbVR69wfkxyFa,unlabeled
https://drive.google.com/uc?id=1vbNdXdyGlFSSQIxkZT9NuKaiBXnVJXVs,unlabeled
https://drive.google.com/uc?id=1x-4U_3TcmoCRS-HJWDjOq0TTiOkVOHk1,unlabeled
https://drive.google.com/uc?id=1sRXjxDXbexAs0qKbSu34e1X4btwIUC33,unlabeled
https://drive.google.com/uc?id=1UIsTDDHpJM90uZAM03t8AILmz9KcXVlY,unlabeled
https://drive.google.com/uc?id=1vsaYQJqVSJBHG-PSQBGPekpe8b2maHIV,unlabeled
https://drive.google.com/uc?id=1FA6O_HqNtgJ9RnL8nwtl3F5XrgY9yFwA,unlabeled
https://drive.google.com/uc?id=1oSYy6fpxNVHEEkJF2l1E86ji5m1PaKJo,unlabeled
https://drive.google.com/uc?id=1P-t6tyhKIMDBFXysOmKt9KzyTtSDYj82,unlabeled
https://drive.google.com/uc?id=1dZc2OLbn1qaWPQLiWwOs2x6eE3ztxiZX,unlabeled
https://drive.google.com/uc?id=1y_B2dpn9nx4alDtHl8QUbGzYtASykZtw,unlabeled
https://drive.google.com/uc?id=12HeqEfxscpttt3I-Kx_Hck6bVQkOVmdl,unlabeled
https://drive.google.com/uc?id=1uSFJgs5UpVYWIit7fqgNitLHfgCtry_l,unlabeled
https://drive.google.com/uc?id=1BsdbpToFIrIux-KsvNt0pETzYi7yGVwQ,unlabeled
https://drive.google.com/uc?id=1ERZq73mCfEDy0XZLWCEV1W7qPUMlsx1P,unlabeled
https://drive.google.com/uc?id=1uyiXPub6ZBv4IpNF3Oy5lLVzEfb__Y71,unlabeled
https://drive.google.com/uc?id=1hwZyRimdNbJLkbqLZB0EoMND_tLi9j7W,unlabeled
https://drive.google.com/uc?id=1X26SmzbNLjTyw5f0YkrsNFRj3opMwh3F,unlabeled
https://drive.google.com/uc?id=1hEpEH2OxHDIVjz1i4r5ZEPdondaNxOBY,unlabeled
https://drive.google.com/uc?id=1zZV1pzpuO5ZYzqSD4tJUz4COym6LUjkP,unlabeled
https://drive.google.com/uc?id=1Y5hvvKSh3N3d7asfHSCzXESmD1YzYOk0,unlabeled
https://drive.google.com/uc?id=1WBNiEWXMEN0AoCcSFiTPq0dOSpwejjfP,unlabeled
https://drive.google.com/uc?id=1ALqZmeHtHcuGqpU9cfDE6pvyV27WCQeJ,unlabeled
https://drive.google.com/uc?id=1yBy5ruS5eoVU3e36HoFnmJ6utuatteyH,unlabeled
https://drive.google.com/uc?id=1SysvoUwCLlQ8MQUnOCdmzR_-JRek5-i6,unlabeled
https://drive.google.com/uc?id=1QD4PofFAvuI5MV9ezO2pbBBPNQ8RbHxW,unlabeled
https://drive.google.com/uc?id=10cHQVUoaYFxcpb59lJtTwugREh-eSZqp,unlabeled
https://drive.google.com/uc?id=11VRZ1d2krg5aGVarl0qmKroBCQz0CNhY,unlabeled
https://drive.google.com/uc?id=1BiGdhytT1gNHTfR0Y19i0WUmpX2cpwZU,unlabeled
https://drive.google.com/uc?id=1MB7ZI0l_6xtYlP_lyj3q8aRYm4LiGAxl,unlabeled
https://drive.google.com/uc?id=1JP8OziR02BViHneA-QT4tx9RZNNnzh2v,unlabeled
https://drive.google.com/uc?id=1wpQTa6xfhhcb10tXXlQfdsFTuvL6w0wD,unlabeled
https://drive.google.com/uc?id=1_AQpVaWxW_Qj7_najlpCQMREin7am6Yl,unlabeled
https://drive.google.com/uc?id=1pp1AvMU45POzziNbmganbfB2XQaT0qAt,unlabeled
https://drive.google.com/uc?id=1QsELhKmzFUQAgQRU-BetvhLIp3IwFDP-,unlabeled
https://drive.google.com/uc?id=1qHXqwBcx94QihTlm1SGf2w2M5M4SPCcA,unlabeled
https://drive.google.com/uc?id=1FSB1K48E3yj8Qb--lzhwQJM5NrOR4k8t,unlabeled
https://drive.google.com/uc?id=1GjtXIENJSCtdrUv7Ilh1iFJtR5RZh57w,unlabeled
https://drive.google.com/uc?id=1ws4auN7jsxmFVOP7UfElmBdmne9tiN-i,unlabeled
https://drive.google.com/uc?id=1UwGeQyb98J7Nb0SvtuPmcQm6eshJ8g2d,unlabeled
https://drive.google.com/uc?id=19T65NNxcoe12qoIoPhHW13jyZ-M1Rf3w,unlabeled
https://drive.google.com/uc?id=1pNq_vDGsuC5BE9mUgyEPJn4wjGqT3WoF,unlabeled
https://drive.google.com/uc?id=1QVydakUTRhiKDGGHCO_Kh8mPhICQRqyZ,unlabeled
https://drive.google.com/uc?id=1pbi9J67_z-wn6ne8dl0twqAPj4SkRzUb,unlabeled
https://drive.google.com/uc?id=1Pj9TbR_L028Sa8caSVtn_weKYDQeWhzB,unlabeled
https://drive.google.com/uc?id=1LA8hYDY4KRENGGI6gE8rCdjFFhEgyEb2,unlabeled
https://drive.google.com/uc?id=1_XQ0LQDUfx_bWsVVxLW0aYrPXMJMxpof,unlabeled
https://drive.google.com/uc?id=1LRKu50fA3drZD0-wV57ekjVI-horkav1,unlabeled
https://drive.google.com/uc?id=18T2fQ9WOfQJh-RGNao2ESOeIwT_81C5f,unlabeled
https://drive.google.com/uc?id=1Cnq4b9CS6m75Eh2r4oJ-TKYC64n7_bFQ,unlabeled
https://drive.google.com/uc?id=1L7q8sLfABejlVWnnNJGHEJZIBhqMWibs,unlabeled
https://drive.google.com/uc?id=1_plUNkp3aBLxhlB-26KboUQSj6kpFUzo,unlabeled
https://drive.google.com/uc?id=1IfrEv4LWCjai99JH3_fIp8WjV-xyG6k1,unlabeled
https://drive.google.com/uc?id=1qUMKZCTc1lo_WBiDgIjDQckYJazs0MD0,unlabeled
https://drive.google.com/uc?id=1go2nidQ6lYe66HDgQeC_x_frpZz4Y1Vv,unlabeled
https://drive.google.com/uc?id=1eszYDPIgqdyf0KI9ZuvEj7-GLKQjBuDQ,unlabeled
https://drive.google.com/uc?id=1NrUU__LQZHLOLyvKW-A6G_UIyFxEYtF2,unlabeled
https://drive.google.com/uc?id=1phHiUcyolyVYb9QsALY-BGuu2TdkYdGV,unlabeled
https://drive.google.com/uc?id=1Iwa-HOEIT77NeEmFMjT5iZSJkSdjJhYV,unlabeled
https://drive.google.com/uc?id=1TDKNMptgAeTFZX6K9oTY7rGjZbp8KcKz,unlabeled
https://drive.google.com/uc?id=1_ZFI11Luur4AzT1sf2Yc5YLFl3CEWTYN,unlabeled
https://drive.google.com/uc?id=1X_JVHsFgHp3zKCPuKTQudHRinlO-jdvQ,unlabeled
https://drive.google.com/uc?id=1_lumF9j4h47WqFdk9lWp2DF4w2JkcTrA,unlabeled
https://drive.google.com/uc?id=1HDUrsbXkIcxcSUcwdM3HOBNBvw6YZn6q,unlabeled
https://drive.google.com/uc?id=1Pn-ry52dbW-ci6H8wW5VYA5igDGzqDLj,unlabeled
https://drive.google.com/uc?id=1Jg8C0nEl6Z0RxiS4vaxQg8FroIYmk5Dh,unlabeled
https://drive.google.com/uc?id=1DCXt411vDU5B77O6Y9rqm7_EY-4R7mS-,unlabeled
https://drive.google.com/uc?id=1gHFeMLLEO9zbDFxW22LLxlnO8vbc0pIY,unlabeled
https://drive.google.com/uc?id=1Oe8Pg8KHZkgbCVa4DWKtZuJzo0beVUY9,unlabeled
https://drive.google.com/uc?id=15L3vFZMQGMWvdoc5XB-XVxNNiI0ov_IJ,unlabeled
https://drive.google.com/uc?id=1tJzKZLV2BzOJcH9RUw-TGN-smSYFp0gs,unlabeled
https://drive.google.com/uc?id=1qvt3IeeZ8Wrzau-B3GdDiE8U-Qn0jRDl,unlabeled
https://drive.google.com/uc?id=1r44lq6nPsY0-kklhsu1LNJ29bQ-8A1N-,unlabeled
https://drive.google.com/uc?id=10f7_6ROOiraAv3SjxqJE0q6wmPS1nx-r,unlabeled
https://drive.google.com/uc?id=1Iazre0gkoEk3FPvNDqcdrdFEBMAPsBWw,unlabeled
https://drive.google.com/uc?id=1YpSH6aF0g_V08C47lJlIKKkpqkRfqoDP,unlabeled
https://drive.google.com/uc?id=1FKx4PAYidntCtSgEx4jKrgnATuprhZmx,unlabeled
https://drive.google.com/uc?id=1LMQqaPR83jjuNAYPuhCL8oVMkep5SSdJ,unlabeled
https://drive.google.com/uc?id=1gtWR1ARhNteApi-ZcSZlFCWJNF9Zixez,unlabeled
https://drive.google.com/uc?id=161IwOTG-UFAz-dum1_X2lwqSiJAHj3LF,unlabeled
https://drive.google.com/uc?id=1jSXRj0VOhYcxltJKY7DpQ9OF2QEaucRT,unlabeled
https://drive.google.com/uc?id=1Ey2zQFlgED0h3ynHd_TaW4a3CQcJaaII,unlabeled
https://drive.google.com/uc?id=1q731YJSor7PERHGpR6pit7xoy0eXkUQf,unlabeled
https://drive.google.com/uc?id=1JmoI1_1M7UDqjpYvOBlbM3nbdDALOekP,unlabeled
https://drive.google.com/uc?id=1_HyCX54o-Q5c8l5wORegen4fpHbcTaIJ,unlabeled
https://drive.google.com/uc?id=1NXj5nv4U69y8ni81_DlIk_mU0JNay165,unlabeled
https://drive.google.com/uc?id=11-5Ryvxm1fgdUaQrY1eoGxDeWmjfnRg3,unlabeled
https://drive.google.com/uc?id=1Ui7Eh5Jt2J_kaFFx_fL7cQA55TGheHeC,unlabeled
https://drive.google.com/uc?id=1tc2u0ZUkc6s7INGjHqNQaRIMmteP3p8q,unlabeled
https://drive.google.com/uc?id=1lQnSDH4LpeipyIxLAqOKfq73uUUwRoSX,unlabeled
https://drive.google.com/uc?id=1fbAmSHqJtxqwbzz1TFctRWpiM3hyMmN1,unlabeled
https://drive.google.com/uc?id=1-gj1KESoNCtbHi7AohPzfuiC9PLNp8kJ,unlabeled
https://drive.google.com/uc?id=1LQVaDovUnKkG95YigCYWJTECwDi9Mowa,unlabeled
https://drive.google.com/uc?id=1_h-Wt2gS12_zOEAKpLh7BQSRQvTgsA9I,unlabeled
https://drive.google.com/uc?id=1AxaAuQyw2BgTbI2ILkLiI5tg7mJrbVy7,unlabeled
https://drive.google.com/uc?id=1TMTvJTqtk8Hz-g4NFGlCAEWYfcPkBfNq,unlabeled
https://drive.google.com/uc?id=1I6t6n-syx6a7n-Lh_-3Jh5yrPu-Q69GF,unlabeled
https://drive.google.com/uc?id=1PHZPOCp8s429C1WZGHOvCAOl-74YCldP,unlabeled
https://drive.google.com/uc?id=1wadZy8e0oqjjTV1WkeXmi_DqFXKCKkKJ,unlabeled
https://drive.google.com/uc?id=1wqySujRIR9anLe7D-GvSzAeBtLBRntIz,unlabeled
https://drive.google.com/uc?id=1abhssoRhyoxNlZVD5eoI8_Orsn78_dnz,unlabeled
https://drive.google.com/uc?id=1ycmEY9koYWPQ-jESGAyV2mX0hJYaKIc8,unlabeled
https://drive.google.com/uc?id=1y_4uuHzJZF8-idN0nf-HzFsk1qQb95eL,unlabeled
https://drive.google.com/uc?id=1x7heecVsrDhihjHIhrnitmf2R_yvkDVY,unlabeled
https://drive.google.com/uc?id=1Rt4JkMpLQsNcBofNV2oEyVonLxFjAR5B,unlabeled
https://drive.google.com/uc?id=1eisi2QPEYyUXPi9Oxmn0zpebTy_JKIRo,unlabeled
https://drive.google.com/uc?id=12kGxwCNj5d2QEuszQuNtjACo7IiRg2d4,unlabeled
https://drive.google.com/uc?id=1JHorSTGu1Wc-4xpxiGbtAYlAkAPQv3uw,unlabeled
https://drive.google.com/uc?id=1J2QII0ekvjKk2YjjuzrwfpALduivffx6,unlabeled
https://drive.google.com/uc?id=1J0eTFXvx0XC-0f8JbcKwg639jqFzRsE_,unlabeled
https://drive.google.com/uc?id=1MwmjvRzR3fylDM__xbd4hLxEuAjsey7W,unlabeled
https://drive.google.com/uc?id=1v8feALrzdnsy2mnzI8Yt1fGAR9GvICF_,unlabeled
https://drive.google.com/uc?id=1suSbeEa6EkudNG6dvldb1tUIW2Xy_iOE,unlabeled
https://drive.google.com/uc?id=128X5fXH8OgunUWwSQo3WE6flfv80ZPHa,unlabeled
https://drive.google.com/uc?id=1atT6bY39PU7oI84yFGXtCIWPEaJ6HiSI,unlabeled
https://drive.google.com/uc?id=1i7ic4fK5P1j-3vvAgB3_De5HbWGSL9hT,unlabeled
https://drive.google.com/uc?id=1O0mKETyqTmf9vXH6VxlcHNGXDqvhRddc,unlabeled
https://drive.google.com/uc?id=10KqE5hCbGrdSjP0vEFVBEIrECsVLr4ho,unlabeled
https://drive.google.com/uc?id=1AP9VWoALAnW4sPQGuJoRDG3u8K_pp3dt,unlabeled
https://drive.google.com/uc?id=1ogYfpsAfkbxqU3U2xvSS36QQ8f9IsH81,unlabeled
https://drive.google.com/uc?id=166wEcdhT322M_wtdw_Armko916JrP4ib,unlabeled
https://drive.google.com/uc?id=1PpHlslrQpOy_Cx9ajAANAlrB-cCu2pep,unlabeled
https://drive.google.com/uc?id=14pl-DYaZu4sQp2JVMINnZxbXSyzyQzOH,unlabeled
https://drive.google.com/uc?id=1yZnhohSdC1e2C_V776wXGMwJKWpahyE4,unlabeled
https://drive.google.com/uc?id=1nKl97KiDoyP52XALV7LZsDVuoaUnjlcA,unlabeled
https://drive.google.com/uc?id=1eMNnvF7OctVVdMqmQCH0FILJuoe2R8IF,unlabeled
https://drive.google.com/uc?id=1YUJuUJ5p7h-QP37W69osOE-iONJJX7_Q,unlabeled
https://drive.google.com/uc?id=1I53A64bcBv7qXEBoMwhia7D-_i_gysSx,unlabeled
https://drive.google.com/uc?id=1DzUEkxHSZN7vmWiggm6kiZsFhvWwehkm,unlabeled
https://drive.google.com/uc?id=1YkEUO_FQMck7VEJDF1URv1Jklx-HlfgH,unlabeled
https://drive.google.com/uc?id=12rEZsLsTaZhNsx8kHqELIGwlN1DmRezm,unlabeled
https://drive.google.com/uc?id=1yey2Z6eUTqr-Nfx6Uf-ioIGX6DSA5g_M,unlabeled
https://drive.google.com/uc?id=1EfnZuK6-xsCbgkdCgKyNDOovBj6tgbaD,unlabeled
https://drive.google.com/uc?id=1rDngrScduI9EkGlmy9jioMvKXSUUc4GK,unlabeled
https://drive.google.com/uc?id=1_DbtydmfXykZFF1FAWr0pAz2ghNWe3Y6,unlabeled
https://drive.google.com/uc?id=1rbqELz-nnZqfcXEYP1mzH55OjJ3PSkeM,unlabeled
https://drive.google.com/uc?id=1UTI4f108OV9I8aX-L2liI_fVHBj3NyKE,unlabeled
https://drive.google.com/uc?id=1MOEoEKx5BiozepAz9i5huSM4iH_nndel,unlabeled
https://drive.google.com/uc?id=1p_Wrz9Imwjfe0VGNOahHGLnSqe0HofGn,unlabeled
https://drive.google.com/uc?id=1spagBzagtQefMackPrm0-tF3yff08jhd,unlabeled
https://drive.google.com/uc?id=1i04QyrDPxUiykqykDi-ei0fW1-QhWwcs,unlabeled
https://drive.google.com/uc?id=1CZaI0pHF8_VsnDBEJGRRbisrajmvMgq8,unlabeled
https://drive.google.com/uc?id=109BmDlImzVNCufASsa1sQ6ZcQ3dgO3cr,unlabeled
https://drive.google.com/uc?id=1zHQzkAAwPaAQQOHnqCZeRpFQQ_ztWO5b,unlabeled
https://drive.google.com/uc?id=1bZW-HLeNMCa5pXTOFhbaMp2EVzp4obsK,unlabeled
https://drive.google.com/uc?id=11_zooMtXeWtk5g3oLpYw6iV9aoouWndn,unlabeled
https://drive.google.com/uc?id=1j3ADoBLlaXH-2QwEKpS1pv1oT4xr3J8r,unlabeled
https://drive.google.com/uc?id=11DSS9hm83UOiBtJUbjK1L4uLu7AJXANd,unlabeled
https://drive.google.com/uc?id=1vDKLoH5pjd1-BHGUBr2hage7LRNwRIb0,unlabeled
https://drive.google.com/uc?id=1iwqd33nN6w4JpXoSEzfp0RdlTnlUiLhU,unlabeled
https://drive.google.com/uc?id=1N_cGIOjPpXGI5hWUJ3FnNsBhugO9YSgr,unlabeled
https://drive.google.com/uc?id=1AN7fMCqPqog4CM-1uXoHwA8JpevtfmtG,unlabeled
https://drive.google.com/uc?id=1S3NzdZwxfzTAIdD5lwi_jKNsjZcuiQGQ,unlabeled
https://drive.google.com/uc?id=1zMG4vQ0CiP0bVGkaMi0zdrgkacny_BUu,unlabeled
https://drive.google.com/uc?id=1zFPTZ9x4IE3k_sOamKMJV9DnpJvMJQWU,unlabeled
https://drive.google.com/uc?id=1FFzNKdhwBFeL7YU8aJAibTZdabaNSzxR,unlabeled
https://drive.google.com/uc?id=1-mJ7mq2OT-J_jhkXISSmANiOwkBreQhX,unlabeled
https://drive.google.com/uc?id=1gfA9k5oeNJa4J5et_Sv4co3UE1Y6RNlJ,unlabeled
https://drive.google.com/uc?id=1bc8NXyp2sZOb2OlYXDpRx9a24KVg4sB5,unlabeled
https://drive.google.com/uc?id=1cYp-zXFv9AzadqTMwumzllObuvIeRwLe,unlabeled
https://drive.google.com/uc?id=1r8ZUGHL7QHXmiDvSVqWLD9eYrmjo2Rtk,unlabeled
https://drive.google.com/uc?id=1uhRkOn7Wtk0qKyeFzF6_PpNMdoSHfuxT,unlabeled
https://drive.google.com/uc?id=1czyui6AWJl6L-FFc_FwduUG1uMi7k8rL,unlabeled
https://drive.google.com/uc?id=17wXj3HdEI2aUR0EqxbghWtxs5VCPC_fG,unlabeled
https://drive.google.com/uc?id=1A6uvvHmCnaOYw6o4t7uxy6f3VD53JFie,unlabeled
https://drive.google.com/uc?id=1CBnKPFYOYxdQjk9bf7BQsogapjdohvwI,unlabeled
https://drive.google.com/uc?id=1fWhH99y-wEmALK7erzo33z9vi93Xi80d,unlabeled
https://drive.google.com/uc?id=1OA_zXEKaqefrv_WxCwUrqJm4BayI4wu0,unlabeled
https://drive.google.com/uc?id=1WjzdfE8xzl7dS6XqwNSDe6-_u3qCwv9R,unlabeled
https://drive.google.com/uc?id=1d5lWD4BaKzniKxlkpBIoAVPsadbbZMA5,unlabeled
https://drive.google.com/uc?id=17yOrEmsJ4yPT0nkjpLfBJLymax0opiB-,unlabeled
https://drive.google.com/uc?id=1pXGOzhqj218n5P6xEgFWCaoBkv4zqAo0,unlabeled
https://drive.google.com/uc?id=1P6ZLJFymCCcdeEC86REW9_GKniK7T_vj,unlabeled
https://drive.google.com/uc?id=1La5gSyKLNNwEA73AaIeF8ws_gYfQd08x,unlabeled
https://drive.google.com/uc?id=1iaF8PAaecJG3TmELbIHqsfSyIRkM-ZzU,unlabeled
https://drive.google.com/uc?id=1YYtxx8il1WDk4HsG2B2B9zW4H6oH_mwd,unlabeled
https://drive.google.com/uc?id=1QWlr47WWPkp4ZPoGwxyOWxS-l0frXMza,unlabeled
https://drive.google.com/uc?id=1LkgmAvAjDgxH6DZ7NxJTTvxwrmEu_dBm,unlabeled
https://drive.google.com/uc?id=19zroDGjxyLx0YqsyqziRCc3t5O1JaL04,unlabeled
https://drive.google.com/uc?id=1i4rdypJitEE5eCe5FEeina4vJh1V9Duy,unlabeled
https://drive.google.com/uc?id=1KbLS4r7-ozXfaGIRcvHHV-F2E0ircy2G,unlabeled
https://drive.google.com/uc?id=12SIsKs8p6CipzqH4TbvOtXUatEz3eD-M,unlabeled
https://drive.google.com/uc?id=1ugavReXbak_LibZ4xnea7TGEPltPIJKS,unlabeled
https://drive.google.com/uc?id=1w9RMknx1w7pHVrV5yATyExbA94VHyEsk,unlabeled
https://drive.google.com/uc?id=1_3QdoWGFsz_pRDE8ZkRo7H9QDSerElhO,unlabeled
https://drive.google.com/uc?id=1qDXCm6C9gf-TuR0Ta7E278DWdsTXGu0g,unlabeled
https://drive.google.com/uc?id=1KuYN7Q7-B42u_lR7LfKNL8rbBYGlrD-8,unlabeled
https://drive.google.com/uc?id=1aKiwi4G4x_m4gB4wo2Ok9Z8YBYbSAqMI,unlabeled
https://drive.google.com/uc?id=183L9X5_TrDAqabU9r5CFzokdcBwbvPGq,unlabeled
https://drive.google.com/uc?id=1mFwoZ6h4j_HQ22QqppRnsTygv0hP_jM9,unlabeled
https://drive.google.com/uc?id=1-aSnnLJkzsQTtcciaXMGHq_pLf4D2Z0M,unlabeled
https://drive.google.com/uc?id=1VpXZjosaLnW9D5XnsE7OC5kNbnZ9YsTL,unlabeled
https://drive.google.com/uc?id=1nzmB_bE5i6RCO_zeqhvEsFISmmKMZuLy,unlabeled
https://drive.google.com/uc?id=1Csi89QkNI9XGvwcwq4vjl0fib_ouHGzU,unlabeled
https://drive.google.com/uc?id=1-JiAUxXGI1y4CuhY2i_tFmmZrk7QSjh4,unlabeled
https://drive.google.com/uc?id=1tLvt_YG4bIiPdqg2l1bCLm12B0_t01mh,unlabeled
https://drive.google.com/uc?id=1aPZ1VZqqEbJTP8EBep5LHJ_gvAgjz6pB,unlabeled
https://drive.google.com/uc?id=1Drg2w8DW35n3d1-gbV41UWYdh7u23fr8,unlabeled
https://drive.google.com/uc?id=17DsTMC1pV3ASlUVsdaL-0Pxz4Gd6ME9s,unlabeled
https://drive.google.com/uc?id=1zHzmrz8jN2_mHK3nNdU-rsI4E13FbOYG,unlabeled
https://drive.google.com/uc?id=1OoVmVzXYWaU_INhElQ3VXIZ2-7Yo7SFO,unlabeled
https://drive.google.com/uc?id=1sl1mpzze7Nkw4xZwD29vzn1t4C2dpAch,unlabeled
https://drive.google.com/uc?id=1KaImq8lywecheDU1amH8ErJtrx5qc6i8,unlabeled
https://drive.google.com/uc?id=1rjaiKGDLH5VOImOs4vmyMot8CEfsx7fa,unlabeled
https://drive.google.com/uc?id=1y3pNBjRal-L-YQKXGTwmMt0Ailmb8z6Y,unlabeled
https://drive.google.com/uc?id=1Gs4dDHBTH2Ls0qYWVTVySAQE6HBoDXs1,unlabeled
https://drive.google.com/uc?id=1SD2Z6YAG4h3TWDqk4QhHga12WaN-czpj,unlabeled
https://drive.google.com/uc?id=1GVppt89I9rkLOH3LJuWRwU-nI4ZTI_T6,unlabeled
https://drive.google.com/uc?id=1p6ln7RVDvVO0S6rUUx3OVqlBTKjLxxa2,unlabeled
https://drive.google.com/uc?id=1okN3eTBuixSPR8MF9KyMwviKV0hIxV5M,unlabeled
https://drive.google.com/uc?id=1NBGKvGArFosoaxgpSeZ30NLIh29i-K2j,unlabeled
https://drive.google.com/uc?id=1T--zYtpzrgx5495z3YbcA8jZrbezRpMU,unlabeled
https://drive.google.com/uc?id=1qozxOB_20cvkQIuOqCXyi7NXCzgHuWkL,unlabeled
https://drive.google.com/uc?id=1EaLqIOIB6ebe0-R4eRsCNB3U6QT--MNW,unlabeled
https://drive.google.com/uc?id=148b6zOKAoKPJFy8EjCcFS6gkwGnjZShN,unlabeled
https://drive.google.com/uc?id=1YPZoEdtFmaOkVxIPDTD4_43wpmJm9mMQ,unlabeled
https://drive.google.com/uc?id=1AmOzunIjIkvnQ2Y9gsT3TW0-Sm-8_S7g,unlabeled
https://drive.google.com/uc?id=1wvajGyLN9CsdO8UyTeZGxO0oR31-Q9oa,unlabeled
https://drive.google.com/uc?id=1vPMYggCAxQG5qfhgl9c79e54cvXOI1WV,unlabeled
https://drive.google.com/uc?id=131g-6Z5V4QwrsW6ng2shchRxhLoYktUz,unlabeled
https://drive.google.com/uc?id=1UruDSFLfmyt-y3E1x3KZMT8ko9hbS0Zt,unlabeled
https://drive.google.com/uc?id=1iVLjj6gK6Ec_ZYWK2aaA6keRR8cthUSq,unlabeled
https://drive.google.com/uc?id=1vrrIWftMa4WeOeH-KKMq5R5uTdoPUVzT,unlabeled
https://drive.google.com/uc?id=19R0wr0rqxSpisJEFmJxx0Hdz2W-DQetf,unlabeled
https://drive.google.com/uc?id=14261FjXY-1YLwicvUAufVadXcK9Ay1Sy,unlabeled
https://drive.google.com/uc?id=1QC2OS8aOmPwJ2I0b1-lRZkmWkOYQGhev,unlabeled
https://drive.google.com/uc?id=1Mdxqe1lWDxSbt0EBB5AOf5PnFdBFrbMX,unlabeled
https://drive.google.com/uc?id=14UvJ53khb61c2_kPh-lu8h4hrk7yWL-h,unlabeled
https://drive.google.com/uc?id=1Fkdr86mghpvsvAwtaLfs9YrsJFGrj3hV,unlabeled
https://drive.google.com/uc?id=16TmfYiXwGdBZWxdMuQFdUpmPzh-vTujG,unlabeled
https://drive.google.com/uc?id=1Usf6Atb00bowon44a8An0QaC_RTkUsV7,unlabeled
https://drive.google.com/uc?id=12IfcfPkh94PFGkHFn6YFFIAQaPRdhLbZ,unlabeled
https://drive.google.com/uc?id=1gVqE7Z8xqDcQXQso0uTVqR2Y1uwEwu5V,unlabeled
https://drive.google.com/uc?id=1FewO4c4ZAl0duRCPqzj_kcvEb7IcLX7J,unlabeled
https://drive.google.com/uc?id=1cPcQd5Bh_I2uOJ6OldyYI5ZC8u9bBZ8V,unlabeled
https://drive.google.com/uc?id=1xyS3M9ylC47qgncf_DdvbEM8hgMfMxwr,unlabeled
https://drive.google.com/uc?id=1Gb8Eqpk0L33HH8uC09pni-aewZSEgoeL,unlabeled
https://drive.google.com/uc?id=1y1wYn8zEj0AHZGZm94SpEvNSMz5Tn4LK,unlabeled
https://drive.google.com/uc?id=1j_6Qi_N0YIgZBM91hCgJQMr5nqthRT40,unlabeled
https://drive.google.com/uc?id=1jHBN0OwblaPnG_nxIbRxSjePfTTub8Os,unlabeled
https://drive.google.com/uc?id=1T7Do1UTtKF5gZVLEfqVLWb6Jo5DX16XV,unlabeled
https://drive.google.com/uc?id=1X5MnaK2rw_-oNseVA5AGqN1Iw5B3rORF,unlabeled
https://drive.google.com/uc?id=1nN5Xxc_-KuoCxGQsNMxSGkJbwIdaKtHi,unlabeled
https://drive.google.com/uc?id=1KO2vag-zlOiJZ2hj-lSRgKehEg4SZ5Jc,unlabeled
https://drive.google.com/uc?id=1rafxKcSwG3kYgC69AfAwxGNJzwOPnuka,unlabeled
https://drive.google.com/uc?id=1m4__Bq0RKjonN3vr4rzASyszbLq_-MTt,unlabeled
https://drive.google.com/uc?id=1hUozeWwxCTz0DjL0euF-z8eLdHIGxin3,unlabeled
https://drive.google.com/uc?id=1uJVtA5sw1x_hBpCfoiV_NcxRy-kEqj64,unlabeled
https://drive.google.com/uc?id=1T5QtHlDUIhGMwg8mg2AHqufjm7TiPWe4,unlabeled
https://drive.google.com/uc?id=1-3s8i_g2BeTH1_TtsCBH_8XyEbbABdRS,unlabeled
https://drive.google.com/uc?id=1J-nIn7qeCmT1vafXksMVwEV0PnVt6sYj,unlabeled
https://drive.google.com/uc?id=1QCjZ-T1iBPlWRncykoHHu2mA1yYQ4h7H,unlabeled
https://drive.google.com/uc?id=15sd10TZrFxubJ-vWjR6MxXvvdu5AJLcE,unlabeled
https://drive.google.com/uc?id=1Xw2gJiUzhqo-KZMLu7PCg4XFsxJBGgm_,unlabeled
https://drive.google.com/uc?id=1yMfz6bLLzaOUL1zvSwetgVwsviMrO99B,unlabeled
https://drive.google.com/uc?id=19eBXMxAXcCf4LSdHrdVu2pFRmdn_tAvn,unlabeled
https://drive.google.com/uc?id=1winPipyPY12upzMpBP1LPwUYGdA4Pbus,unlabeled
https://drive.google.com/uc?id=1sL_Eha3oe-CvvYTsl77EiU3MBSGMuqO0,unlabeled
https://drive.google.com/uc?id=1hlPGSjTxXr6mUismWtxHB5JDzOhDDsGw,unlabeled
https://drive.google.com/uc?id=1pTneuvlIL6jTmoocQZwqVsZa_2_JtNk1,unlabeled
https://drive.google.com/uc?id=1ivBlSn1jRJKou5TZBetPp7c5DJB4ced2,unlabeled
https://drive.google.com/uc?id=1oG1ddWMdzR945kB3597XPBTXyD4wzw03,unlabeled
https://drive.google.com/uc?id=1CP2wGAmXCf-6ZRPPD7GauuftQe-Tula5,unlabeled
https://drive.google.com/uc?id=1PzAQHfwX-Fw3OHitCrFyloyux6REsFGG,unlabeled
https://drive.google.com/uc?id=1-Ssvz1Y0Tv6Xl9xFsRcvJ5CZadTjijOL,unlabeled
https://drive.google.com/uc?id=1KwEA3-Zl3mWZbBhNIAbIbcN_1Xo0W6qb,unlabeled
https://drive.google.com/uc?id=1TYfOCvXxDxiOfWhVk-GZOv3pTM7X43Ci,unlabeled
https://drive.google.com/uc?id=1MgGoNso6EcfwgRjcj17IHrG8wqq4nrmd,unlabeled
https://drive.google.com/uc?id=1ffKn7Tqb5kfIALRZhecG-M8SZuMuxFGr,unlabeled
https://drive.google.com/uc?id=1Q5jCHA-ZFqJBreLPO_1vVEYCYr-Ju0z7,unlabeled
https://drive.google.com/uc?id=16ppVOqIyTa-g9yeCGRX-YBaV9ThjwyJh,unlabeled
https://drive.google.com/uc?id=1ZpDNQVjMiyCIbk-SMrthY9f8nTjDcSZL,unlabeled
https://drive.google.com/uc?id=13Itp5883sfXrXLgdXEe10P4fjFBXttjw,unlabeled
https://drive.google.com/uc?id=1_hftyA6d11s3UdlaREs1e9z3GyxE7leU,unlabeled
https://drive.google.com/uc?id=193wYhgajt8pq875BRjsS2YRIZNXkTl6b,unlabeled
https://drive.google.com/uc?id=1PDMmG4COQjEm0csenJCjQXmJ8rIZQ6PG,unlabeled
https://drive.google.com/uc?id=1mGuZs7V4kyva1yWbs0rpcjo5p2mIan8i,unlabeled
https://drive.google.com/uc?id=19vu_RMqdVaeVnOiqiqbenDy5Z7pR_Mxt,unlabeled
https://drive.google.com/uc?id=1HjEArtXAPdvd9uUgz5N6cxc-qM8zP-hm,unlabeled
https://drive.google.com/uc?id=1gZ1NM82-WdghUJJ0RaFwy8ejdq879eQ7,unlabeled
https://drive.google.com/uc?id=1tFYdjMvNybMu-Y65dgliyshgMj-DTyAp,unlabeled
https://drive.google.com/uc?id=1_SMHNSO4xfJk8pFpCqgZWt91vaGnKEwx,unlabeled
https://drive.google.com/uc?id=1rlyV7Z0Qgi72D3qMkxHvA0V8c6uzrVKh,unlabeled
https://drive.google.com/uc?id=1GG9ZzHtEMoGIV3FMpPBABMLXavqRqo1m,unlabeled
https://drive.google.com/uc?id=1iX8SRPvRDnv3wHf29m08LAPE3st_ikMa,unlabeled
https://drive.google.com/uc?id=1P4WLohmgVkxX9dvHvQtFCY2WHuR5Omss,unlabeled
https://drive.google.com/uc?id=1d93M4n3AqMaU1VZF_yjdtLV0MAH1_d3X,unlabeled
https://drive.google.com/uc?id=1I4hHQNuFiiURL7A2irFe1WhNqd_lnebR,unlabeled
https://drive.google.com/uc?id=1oUIfrlhL48iGx3135j7YI8DrG4Dhqyxm,unlabeled
https://drive.google.com/uc?id=1jsvYyZOJkeNn_Ih4tbYj1Dq3hhqJuGlK,unlabeled
https://drive.google.com/uc?id=17uYf_rqj4SEQqers8zWv2nax6pMiXRSW,unlabeled
https://drive.google.com/uc?id=1eBNdCuMhI06e1Dd2Gr6pD2mQ2XFmz0OX,unlabeled
https://drive.google.com/uc?id=19gxHiYqmYceGXy3JW5EtzgvUns4QdXsS,unlabeled
https://drive.google.com/uc?id=10tkt7yQF5TNo0tQlGdUxgekjdcOHQpte,unlabeled
https://drive.google.com/uc?id=17iSbnsXv8ggjs7M48fUhkOC8pq3sq2oC,unlabeled
https://drive.google.com/uc?id=1FHcaZVzNhAyqoIjPUVjYOsu7uUvxtxAy,unlabeled
https://drive.google.com/uc?id=1M8d-WDcqq8EuOjf8jWhzvA8LiFSM7mzG,unlabeled
https://drive.google.com/uc?id=1tgCMoSyxuSx92cwBANCyKFJddvJjflSG,unlabeled
https://drive.google.com/uc?id=1KaILrBY2c8u2h1qZErX1L8_znkDp4un3,unlabeled
https://drive.google.com/uc?id=1iN6EwVHg3ZUtUDIUDJdn9Koas2GYfcx5,unlabeled
https://drive.google.com/uc?id=1dPrvCx39XuZLhH2DjredUsAIdYaqvPIQ,unlabeled
https://drive.google.com/uc?id=18LTb-22jHkoFQxSeodkocL2fLhv2WdBy,unlabeled
https://drive.google.com/uc?id=1-W5JEr_bwVofZJd_c6nQuCviheRoAli3,unlabeled
https://drive.google.com/uc?id=1NSbGhVHzU5pRQEIYKddIb3xgh4Na3P2e,unlabeled
https://drive.google.com/uc?id=1-YRNRo9rUIEzrHy8dxfN0crZSoCI9YWw,unlabeled
https://drive.google.com/uc?id=1kyQMN-bM7VXmWTJdjC4TL3xGcE2b5Q9I,unlabeled
https://drive.google.com/uc?id=1eyHuS0h6baCVw0LvrxJPJJbLmyZy877L,unlabeled
https://drive.google.com/uc?id=1diXSdAIcqakkaw6z6EgD07A-Ha3IcLf7,unlabeled
https://drive.google.com/uc?id=1LG275f806anOd21DuDacSnCX0m1lCcYY,unlabeled
https://drive.google.com/uc?id=19s4DaWn92icCY85R6VFep_r4rCTUkQVr,unlabeled
https://drive.google.com/uc?id=17wNWAMRQs7-SK8W1iiUMb-FFiG5Jgn04,unlabeled
https://drive.google.com/uc?id=1Qkn_cBa-sNCxUDx4HkRRLs4Zq15Trvev,unlabeled
https://drive.google.com/uc?id=1wnAqwV5KxgAIcBKQHQ_XAvXspS_V5uGr,unlabeled
https://drive.google.com/uc?id=1Ej-gviO_fJ5AODrDrP2tKJ0m4XP9bPqN,unlabeled
https://drive.google.com/uc?id=1DnRaPB71WM7BxpILB1uu2QTXKEkIj7W6,unlabeled
https://drive.google.com/uc?id=1DKVJtOPDiH8p2fC1eUot-EpUC4A8_uJ2,unlabeled
https://drive.google.com/uc?id=19-glyhtXa-O-W9UFj19Gu3kZ8aL-muqR,unlabeled
https://drive.google.com/uc?id=1ZUhtu5huZC4CYBYDb3uASTitUGayvWnm,unlabeled
https://drive.google.com/uc?id=1ROKA8o0RTWY6b44buIQ702661WfgzlYB,unlabeled
https://drive.google.com/uc?id=1FGPfFl0DTJOmCLTKsVuSH4iPxDscEReT,unlabeled
https://drive.google.com/uc?id=1zfa4NN0gdLox87MJbdHYLmeQSQW_MiK1,unlabeled
https://drive.google.com/uc?id=1HqZZJT9FVwX0tKsFcoFItTMxIHW8DGp6,unlabeled
https://drive.google.com/uc?id=14jAN4ZJsHlvHFDmzujYh0OkK4t9aVFtE,unlabeled
https://drive.google.com/uc?id=1dOY4U95Up66tackdgbKntkjxDSuiRbil,unlabeled
https://drive.google.com/uc?id=1m2kSMI6aEL22nQFxC93jg3FWvVZ5ebBp,unlabeled
https://drive.google.com/uc?id=1vIRf3mO2kPjhvFHGnpalUKOtqIUIKSzs,unlabeled
https://drive.google.com/uc?id=1VCCdxmIy67OfWvF3B9ly2zJ3x7p4we8V,unlabeled
https://drive.google.com/uc?id=1T-kirxHmOfCDnkWDw0I-oxnOM_MKlVCr,unlabeled
https://drive.google.com/uc?id=1sCtiPF1EfpVsA9Bu7Rb-V7JnCAMpZZjM,unlabeled
https://drive.google.com/uc?id=17V_67FAnuGtFnyE5WmsqBqXlzuewtw3X,unlabeled
https://drive.google.com/uc?id=1ApUL6r8g45JR5hUlonMHhl_6Fr6RTAKj,unlabeled
https://drive.google.com/uc?id=1Ih9gPLs04ZT9fkI1E9x09CavQVpcqf2I,unlabeled
https://drive.google.com/uc?id=1jMT8XBe4RpBhMrMIjMUSFt2VqN6ShAji,unlabeled
https://drive.google.com/uc?id=1QL6g0wHgAsPcWPAtv9nRdMWCbKHZKG0I,unlabeled
https://drive.google.com/uc?id=11kBR8kmLgoA5ReoiKsurB9lMFt9XT_FN,unlabeled
https://drive.google.com/uc?id=1kGitkJHK0TcslDt0iTyWtza5QWCuW0Sh,unlabeled
https://drive.google.com/uc?id=1CVdFhwzqHNltbprm7725dd4feDuius3V,unlabeled
https://drive.google.com/uc?id=153hy1NsFkwCHyq0-kOuLMr5Q8tO9KE7Y,unlabeled
https://drive.google.com/uc?id=1T4BGwt-17EzPJsqF4WEaxafIIYo_yZq0,unlabeled
https://drive.google.com/uc?id=1mthTMcxk_YlYeW8nhLgJCKLE7Iivuw-w,unlabeled
https://drive.google.com/uc?id=1Qx3LSK719tArmNJBSnHYQvYvCX9qbpC-,unlabeled
https://drive.google.com/uc?id=1YSMpeO7iNVRTZ3DP_StJLkmQOiikTnoM,unlabeled
https://drive.google.com/uc?id=1Da-z4KH7zlOjJttEwnHpzVs9ywvTtJQa,unlabeled
https://drive.google.com/uc?id=1Le9j7Ce0UpNHM7JaM6BCDnZpgIcV1pu3,unlabeled
https://drive.google.com/uc?id=1iWeZCgUuuv_EFzcuBA9-jLGajL_lR1bc,unlabeled
https://drive.google.com/uc?id=1UFDx-3EGGQgmP_xMCRNOrtIsB0FEbFDl,unlabeled
https://drive.google.com/uc?id=1dEN7GSjR8tGgNMLnMwS4AZscZc9NGHGK,unlabeled
https://drive.google.com/uc?id=1GqgjSW5c-3tJBjIKFa2WowFxsZ9tBCna,unlabeled
https://drive.google.com/uc?id=1oCGVC9C6UF4IG2Xj6FFf8wsRpWUOA22I,unlabeled
https://drive.google.com/uc?id=1jTsaq8F-fSjyhdFbROZ_KyVdpyMz9Tqa,unlabeled
https://drive.google.com/uc?id=18rjmAE_mN2JGexhtouTnbDhJJl6u7bvV,unlabeled
https://drive.google.com/uc?id=1A8AxPq8bvH5G39VqhqzmCAMgb-SJjzsj,unlabeled
https://drive.google.com/uc?id=1NYy59gWOVmx0TOvrd9GTC_iS7_ltkqPu,unlabeled
https://drive.google.com/uc?id=1KhsoT1leCZj6km0DQOvaqDoNcDjIpY0r,unlabeled
https://drive.google.com/uc?id=1vIf0VeBEJDSbH78iia5CWWXtTMtRlWzB,unlabeled
https://drive.google.com/uc?id=1duAjREPFlyPdgkU4E39I4nyIJ4NmzInw,unlabeled
https://drive.google.com/uc?id=1M35Q4EGxGy1e8Rnx-RA1Oxme6z0Nj6tL,unlabeled
https://drive.google.com/uc?id=16glafN-cwS_bBPwxl_13bbkP8omTXhIV,unlabeled
https://drive.google.com/uc?id=15_RHQMlWucJZd0WisAlBow_BgIXSQ_a8,unlabeled
https://drive.google.com/uc?id=1VCmDXg6DL_DCC-8n55GlKBuCVamQZEmL,unlabeled
https://drive.google.com/uc?id=1ikOp3vSIPf6q1dyIu2C-APeQ572jgjqN,unlabeled
https://drive.google.com/uc?id=1uqTQmu3pTXiqdCOfYBoiOArsTzRK7OxE,unlabeled
https://drive.google.com/uc?id=1sontdb9zhxLg1wZ6K54nvsZudgqUWA6E,unlabeled
https://drive.google.com/uc?id=1dJxeGoEmwxzYjfVWZ-t5CTSV8ovrkWjk,unlabeled
https://drive.google.com/uc?id=1pONlg1YqLP-PVealSKlk5m7Mrs7xdOOs,unlabeled
https://drive.google.com/uc?id=1dla2hw9LYJjjRCl-Xn6wsO6KdtOG99EV,unlabeled
https://drive.google.com/uc?id=1UQTzO5ICrRvB9F2vOuHp72pc2mSDF3rq,unlabeled
https://drive.google.com/uc?id=1_PuIc7uw9Yn8pJRlMFsFjXJidrcDNyGE,unlabeled
https://drive.google.com/uc?id=1dzLNI8gQ3niEQyz312u7axFekL3kEzVp,unlabeled
https://drive.google.com/uc?id=18sl7scnM-NTeynXOhheLuBQGQiNZlkLl,unlabeled
https://drive.google.com/uc?id=1pO2zxzpgf4uNtKoWNkq7AJaw5GNIUITY,unlabeled
https://drive.google.com/uc?id=1o8-WT-arAv2cAY0DDwZjksbQ3tGJyfOk,unlabeled
https://drive.google.com/uc?id=1l4IyFQG2JsKxVIt2MqUK42H1HWwDKH4j,unlabeled
https://drive.google.com/uc?id=1yxFRP5jT1bOsbrTWlQoU2Nu8dWvPMJqa,unlabeled
https://drive.google.com/uc?id=1vzckOxXgTEy3c5C_374KCY05Z3i5rV8u,unlabeled
https://drive.google.com/uc?id=1eKVrUfWauj_1XTKVFdgsup4275i9UR2A,unlabeled
https://drive.google.com/uc?id=13It7mtabA_AIS1JiBP7sRvdI8ejhMDvf,unlabeled
https://drive.google.com/uc?id=1QoqQMJB5sX64NDMQ53HpnHbcrsoGcGw7,unlabeled
https://drive.google.com/uc?id=1MRVSbvd0bq_tCVbyQ-BBsUb_A3yP7CaQ,unlabeled
https://drive.google.com/uc?id=1jETFwSwupdz5lDJi45f9q9n6WGi8WLEh,unlabeled
https://drive.google.com/uc?id=1F35Ej65BqxPQ07GARj3kbvSKcMdtUOwj,unlabeled
https://drive.google.com/uc?id=1ZkNU7dWxelehJBdt3e12yW4P-nsh1DNb,unlabeled
https://drive.google.com/uc?id=1nbj3RMQGR2toMvPPIrEvgBxUpu4h70N7,unlabeled
https://drive.google.com/uc?id=1oqoyU0SoVRC_ajcwUwZNseJc13N3Abc-,unlabeled
https://drive.google.com/uc?id=1POt-kH2rB37niuAG9MLKdrQEjZ6vAiCp,unlabeled
https://drive.google.com/uc?id=1RClHfrabUQ4RYFwiUZE8WZ0POi_yJ5uy,unlabeled
https://drive.google.com/uc?id=1P81L7UajN3-v8sh9RUrk0tGXz-ixG3KB,unlabeled
https://drive.google.com/uc?id=1hopdeXdQ0gnVpoRoytXXM7gB2jzoRsV3,unlabeled
https://drive.google.com/uc?id=1vc-kBs1N8Z3LFYk3c3lI9ZutnllpSTP2,unlabeled
https://drive.google.com/uc?id=1QioClMhW3ZEuumgaNZhOserqvIvw9aRt,unlabeled
https://drive.google.com/uc?id=1pz_r4tWDysLF_Zq-kJx8wX_KyFwZr7bA,unlabeled
https://drive.google.com/uc?id=1J1RLmLK-szEuB5h-46OaiDUVN2x_Al1O,unlabeled
https://drive.google.com/uc?id=1RfwCdWFdwTwEudc7eQn7Lq8WiYflRa8R,unlabeled
https://drive.google.com/uc?id=1fCWTVxu-9fevGGpsOErpsENAM3w_OWxo,unlabeled
https://drive.google.com/uc?id=1jE3PsYyFlSi3xDaL3ytnjnYyCS6a_xQt,unlabeled
https://drive.google.com/uc?id=1rohuHeodBR1hPf_c98k86JxMxLIyfVnm,unlabeled
https://drive.google.com/uc?id=1XPzMnUfOwegNsZZ_Su3iyfbIrPY1dkau,unlabeled
https://drive.google.com/uc?id=1Bl4ledPL1hoRxy74KkpZkuyl-sTqQSY7,unlabeled
https://drive.google.com/uc?id=1TyIQqryWrtmO_mxrCNsKkbOw7a9ZX_Mp,unlabeled
https://drive.google.com/uc?id=1cjFwUVWfITrUI7L9lAAClf5nXIW7Fukr,unlabeled
https://drive.google.com/uc?id=1SseappKeAqyQ9Fvqmi3YnzS2QDpeq9gP,unlabeled
https://drive.google.com/uc?id=1SdiyD-2ePN8LPdIKMBY6cE2LgMTlxIkw,unlabeled
https://drive.google.com/uc?id=1Vx4RIvfSERRN_Z_qkp-NadaUbo28S9yn,unlabeled
https://drive.google.com/uc?id=1ALw6wPs_R70vD9cLEkwVWt9EI_hH9v-E,unlabeled
https://drive.google.com/uc?id=1fBWwu1cxm7JW_SPwM4uJC2zAFCKQxmXJ,unlabeled
https://drive.google.com/uc?id=1Ik4wPd-GLtbRvtBrn1Ob9sbRPSGinGcH,unlabeled
https://drive.google.com/uc?id=1RyNtFk6cTcWn2ljEwlvKuhN_LjzDZlgT,unlabeled
https://drive.google.com/uc?id=10vpn4EfJ2GTtGSsl6bSa70GP9X7HcQPs,unlabeled
https://drive.google.com/uc?id=1L-Nkt4SDWt9Mp9Wj6PkPrp-S6iyBdMAA,unlabeled
https://drive.google.com/uc?id=12cNxKObo15bue05yRKUhWVT1amYXejac,unlabeled
https://drive.google.com/uc?id=1VBCzoF3pMfz9SHpYmqduOU6YPThxRB2U,unlabeled
https://drive.google.com/uc?id=1MkYVRpkSGRVMSMsGb-rAWzfF7bc7zyoi,unlabeled
https://drive.google.com/uc?id=1Mi6yF5CF28-aitFJChn4yaGdcoAQTtEP,unlabeled
https://drive.google.com/uc?id=1NY7RyZp5-i3qhTCqIlyByBh3mk-eyJvR,unlabeled
https://drive.google.com/uc?id=1t6K43c9kHkEEALaBebH1B7X1dHTuC-5a,unlabeled
https://drive.google.com/uc?id=1nzULRkNdavaJ8PBZJ7ITCRP4lIJwD-qw,unlabeled
https://drive.google.com/uc?id=12lxQbVB-tqpj1CI5hBUGcJx8Q9SLmMEz,unlabeled
https://drive.google.com/uc?id=1d3Ft188ts018LXM9zlLrecon82WYI4RR,unlabeled
https://drive.google.com/uc?id=1hGn2pRRX6x5wMkCLSSiZdTUmT_SCgxMy,unlabeled
https://drive.google.com/uc?id=1M71YShlNGKY-ukL9uFDAZ138Y0gbLJMf,unlabeled
https://drive.google.com/uc?id=16kEYUwvFidMilP8inFaCYGTN1P0smwr_,unlabeled
https://drive.google.com/uc?id=1Du8uknrB-eC-w5UQYDzx0f0pSw7KlGsA,unlabeled
https://drive.google.com/uc?id=15qCoDvx_8TxwmFTW27T9UC_UdxhQFfeV,unlabeled
https://drive.google.com/uc?id=13BEgbfzR56MGRM90yA3V4lIRq9_T-CZH,unlabeled
https://drive.google.com/uc?id=1k81Z63IKGdNeEous9CBjsoAqtiapOolr,unlabeled
https://drive.google.com/uc?id=1mimXMwCCC9R_Cb00V6Tmt_AGaanqHQYi,unlabeled
https://drive.google.com/uc?id=1_4WXZB6kIvgRVFsUwbrFqbQvpkqzZyKk,unlabeled
https://drive.google.com/uc?id=1VgXNT8v9jaAMKNgxUDlsBVyu9QFgvHz7,unlabeled
https://drive.google.com/uc?id=1cYoxRW0pvnN7UOz1ayz4MkE8xrdsTVTf,unlabeled
https://drive.google.com/uc?id=1YY4Am2K0oWZS9enZxRfowqDIMOlAFBwc,unlabeled
https://drive.google.com/uc?id=1M0rsHSQRMIDqmAPn6cBoko2nUWHku3LA,unlabeled
https://drive.google.com/uc?id=1fsNpLsstPdHB916Zz3LA3RsP9QkSkqoG,unlabeled
https://drive.google.com/uc?id=1j6GolYxyG4oyxfmhrnsxWdw59Q64ExvE,unlabeled
https://drive.google.com/uc?id=1lkJykZ_wcIsKgQpFt9_ViNBTqOqT7nyY,unlabeled
https://drive.google.com/uc?id=1n77KLZp-BhW20ZLNQkHYOJgRebCbsbSB,unlabeled
https://drive.google.com/uc?id=1l_X5EBSYmlPnCeO5n8w6ncf_kjTVjWwL,unlabeled
https://drive.google.com/uc?id=1Ih6IsU_o7u89ZucO6G4Kh_tFFi8onthx,unlabeled
https://drive.google.com/uc?id=1aBFG9tZYFFCHJ8WYiMEOyKNXPzycl4W0,unlabeled
https://drive.google.com/uc?id=1GYWCP1cF6CNqokCHN1SIu2n-CkbDc2zW,unlabeled
https://drive.google.com/uc?id=1txZfPCCSWrfW8V7azjCGTu_oH-WwmNEy,unlabeled
https://drive.google.com/uc?id=1izbs-EHbfrF9BjXPZfEr63jZY_Jl4BuE,unlabeled
https://drive.google.com/uc?id=1_0NwWi7nM8Th4WgGEk6LpGfnd2hhHSE1,unlabeled
https://drive.google.com/uc?id=1BciJw9_8oQKA5ATQGs9f1T_Iec5wV5KR,unlabeled
https://drive.google.com/uc?id=1vXoA9TlOcBzkQYghsSxOGvqjI-aPYHmM,unlabeled
https://drive.google.com/uc?id=1OVkKJXdsO4a8jr9R0fXln_vZHS2mGa_l,unlabeled
https://drive.google.com/uc?id=1DBgnPncqbU36Ky3Y8cUHqoI1gEgZsp_6,unlabeled
https://drive.google.com/uc?id=1s0MdlWsiVBeWO8h6xZ26kYhf-r6LEjfc,unlabeled
https://drive.google.com/uc?id=1KRKEQDZLrkSoEcrtdMYWM4NisKzDGy0o,unlabeled
https://drive.google.com/uc?id=1Xd3oebhnBLy8Xm-MfHB8K3uO-phf5t4D,unlabeled
https://drive.google.com/uc?id=1CRsYgKSDamgLtJDms9s93QOqXZ7H0hBL,unlabeled
https://drive.google.com/uc?id=1X5b6O85QBMvbTrKhaX5-6WdG0RsfUn8E,unlabeled
https://drive.google.com/uc?id=1LzsFzty8UP-jwjgxRUyXtnAKB11ZOvDG,unlabeled
https://drive.google.com/uc?id=14ixxPCxQPWzLfafy0SsGxtAnqJ4-q8Nl,unlabeled
https://drive.google.com/uc?id=1CQGpz0Nb-iSEUI-K6JRV9ltqVHuz42FE,unlabeled
https://drive.google.com/uc?id=1fZy97GLT0sQ5YiJVR1t2zayAPEztudKh,unlabeled
https://drive.google.com/uc?id=1xljsjbiz_diAtD7ALvyxOSqf-YiYPVW_,unlabeled
https://drive.google.com/uc?id=1hbyWlLIRLu1hBdrMRy2kSCSfEm-FwR4w,unlabeled
https://drive.google.com/uc?id=1E5U8cJ93hyZ8NIjMGNrgi0Y3dqQzp0L1,unlabeled
https://drive.google.com/uc?id=1Gf1wj5-U-6n-BZZPjscoe6gWCpF80As4,unlabeled
https://drive.google.com/uc?id=1WvTEy09dyLcxMmb9UPGdUCaTx-CCizV4,unlabeled
https://drive.google.com/uc?id=1uGnXpSRSMRI0AViPJZpiDSGsx0-eEpom,unlabeled
https://drive.google.com/uc?id=1Po-Ol668bM39PrIDi_nQo5sF7BT2M_10,unlabeled
https://drive.google.com/uc?id=16CokkvKHf1J-LNxu3oBfcJLbcSSuNnVn,unlabeled
https://drive.google.com/uc?id=1MINLTbcw6LIiUZa0FOweVvz6Ce6EOS3s,unlabeled
https://drive.google.com/uc?id=1veKhZ96Vstd5QsfEj-JRINmIv-FIR6qy,unlabeled
https://drive.google.com/uc?id=1qLlfdz7snXDD1E49R7k6fit4URfx4ncP,unlabeled
https://drive.google.com/uc?id=1ooGrJ30x3bdP-qSSLQPNZdEQOJngFtVX,unlabeled
https://drive.google.com/uc?id=16sQPARPW5sLL9vBSZQ2Qk-lkI0O8IQ2u,unlabeled
https://drive.google.com/uc?id=1jdjwYZykFUhlkf5SQIximj31BlNUyGnl,unlabeled
https://drive.google.com/uc?id=1mCwypESD1If2sYQ5og9oJ0s7KglR5YT4,unlabeled
https://drive.google.com/uc?id=1WbLfEBlzf7fQ_z5gHW1dHdRDLN1lZDOc,unlabeled
https://drive.google.com/uc?id=152tvyc_B9D4RWnHCMtFAXvtko6dr_nzI,unlabeled
https://drive.google.com/uc?id=1Kk3htZxpKcs5PJCiyAffr5xECR31h2yb,unlabeled
https://drive.google.com/uc?id=1-ihbzEHDgRTEkmZCJTQSA4x9AVlfvASC,unlabeled
https://drive.google.com/uc?id=1ujsFuru5NRVvv6L-P_CkD4gAMIxVAHEZ,unlabeled
https://drive.google.com/uc?id=1FBKTCSvmyC_8mYAPhSr7jEsnAaTat-03,unlabeled
https://drive.google.com/uc?id=1bpy9PUGOwhkucpigIMjVYTRXo0U7Muoz,unlabeled
https://drive.google.com/uc?id=1w2PqM_Pp5ljvchIM4r9pZ-T3hyKn8guo,unlabeled
https://drive.google.com/uc?id=1tTd-Vr9wWZit3tCFuiSKM48aJjMQ1cW8,unlabeled
https://drive.google.com/uc?id=1AjoYd4Acs9V9Ej9Gm9yBjx-flyYGIirM,unlabeled
https://drive.google.com/uc?id=1pD2WOqEXogXNO7uoOLNnPBGEQ-BCTg84,unlabeled
https://drive.google.com/uc?id=1jwciYAgaq3fjLvj41aXX6Q-ie463UrIi,unlabeled
https://drive.google.com/uc?id=1x4Yxt70xDgkEowA3_BakvBYx71sd0Osh,unlabeled
https://drive.google.com/uc?id=18-Vshq8H9ONg6uKp0Trq_ImF8Ow68IFJ,unlabeled
https://drive.google.com/uc?id=1NEAvjuRj7iL5kHgjCfxRkVkvxt3ulgM3,unlabeled
https://drive.google.com/uc?id=1BFpfmyz37bP-VjV1krWoPbMhJ54Y1_vE,unlabeled
https://drive.google.com/uc?id=1LdnICS7K2fbvpB0x7hNJPsLTMJaH4jBJ,unlabeled
https://drive.google.com/uc?id=1T90rQJ0aMKwi70o1HFsaLbgFDLy4QRTy,unlabeled
https://drive.google.com/uc?id=1QKIL1MRHAcw2z4ulXEefE5SWbksIg542,unlabeled
https://drive.google.com/uc?id=18fp1-Bs13Inr23P8A6iShqn5PwRTiN_f,unlabeled
https://drive.google.com/uc?id=1U9tzBBwWnQRu3mcz-W20ydhnvBaMQPok,unlabeled
https://drive.google.com/uc?id=1QlmRGV5vwWgqxIZ11PKS85xRDPZmnTlf,unlabeled
https://drive.google.com/uc?id=17pFvOxRMAaJIwZ18Y9LSGQFDBtmRSuKh,unlabeled
https://drive.google.com/uc?id=1oPUEM-CP0Cfo-7CxUKE4JaZHb1-sHSe5,unlabeled
https://drive.google.com/uc?id=1-xVUa5L2I_IU_MB0Hr9aewWUeKwFdrOt,unlabeled
https://drive.google.com/uc?id=1r995OgLqempuU4ZgdbAcKBvHCzrtsy13,unlabeled
https://drive.google.com/uc?id=1fEoBLgvPxJ8v0NrioCJVf_zkMTID5mT0,unlabeled
https://drive.google.com/uc?id=1secEFP0mfLcX7hpANizgsAiYI3dHdEkm,unlabeled
https://drive.google.com/uc?id=1nuE4AD_N1LzfuBNtbjZZSUkptAtco4-F,unlabeled
https://drive.google.com/uc?id=1C-_X3tmgxo4ZSf46gfULdJlkYQw3TGxW,unlabeled
https://drive.google.com/uc?id=1Wws08DHsdTJlN5sc57NA4WC9tBzxwOrH,unlabeled
https://drive.google.com/uc?id=1pQFtvuirhxQOBMaYH-ncpDguKB1inuvf,unlabeled
https://drive.google.com/uc?id=1qQRkO8H1pXLkhAIBAPlpd0WW7SkixC6m,unlabeled
https://drive.google.com/uc?id=1gUPow_ksECS2ARfzV6VBJDHekaoxGwqL,unlabeled
https://drive.google.com/uc?id=1k8lRD1xZxHIbWIMqnbnMQGwU_mVycwyT,unlabeled
https://drive.google.com/uc?id=1bjXcPbZ7MGAl-LVoTJmpKugUEa84VQVK,unlabeled
https://drive.google.com/uc?id=1bM7h2JcBhDK4d48SCBKMbi3tw8ORwgBh,unlabeled
https://drive.google.com/uc?id=10Wm_5POWTjQWi4b6gexJ66-12BqtrEyQ,unlabeled
https://drive.google.com/uc?id=1EQL3XOi51o4-0JTtwwmzJ0dTbWrs08KE,unlabeled
https://drive.google.com/uc?id=1U_GYy08HsPpt5hNesOHsm00aPMK_63TG,unlabeled
https://drive.google.com/uc?id=15Aud1PJ0yy9Cqv579UaIoVBhwODTWHh7,unlabeled
https://drive.google.com/uc?id=17Gm6HRdBCZiXPc6tKUj-aA4Pwa_IsKdo,unlabeled
https://drive.google.com/uc?id=1FSZSRPQkXVOj2qSW88xf2B-fQnNvHOIR,unlabeled
https://drive.google.com/uc?id=1t6_Vyyb0C9RZi23iQgwuvR0cBjFQwzPv,unlabeled
https://drive.google.com/uc?id=1U6RtwGBVoxFbVJoGisizRf21EpD-pYxp,unlabeled
https://drive.google.com/uc?id=1GTQ283pD9OZp2p14NCqsdSlEFcsugjxJ,unlabeled
https://drive.google.com/uc?id=1zSn5DheS3ThEiGwA23CUcUkxdUCo5x3_,unlabeled
https://drive.google.com/uc?id=1dq13VZWNW9C14m4XnVH0vF1_RhP2WY03,unlabeled
https://drive.google.com/uc?id=17NdX5cgNUPDwolaZkaJ4ZQPP3hUcixD0,unlabeled
https://drive.google.com/uc?id=17nNrYnu-ZwsQd5PtL5IyyDOnuD62wAw-,unlabeled
https://drive.google.com/uc?id=1-ed7cKdezWSAnfSD4UYYHilLkmbyNRe3,unlabeled
https://drive.google.com/uc?id=1ij948G1nKgyd8bRMDzFNn95IBYtOXBbE,unlabeled
https://drive.google.com/uc?id=1VUrTs-C6_wiO3-7NJtBkrETsyuOlUSJU,unlabeled
https://drive.google.com/uc?id=1VjfKy1P6VzHIw6JvryBdFCK6Z6AHWp03,unlabeled
https://drive.google.com/uc?id=1uRPMZjemfC7IavrrCekzouO615-Yr0oN,unlabeled
https://drive.google.com/uc?id=1HW8pqyU9GBmahO41BvVkQMRhVSQ6-Lon,unlabeled
https://drive.google.com/uc?id=1mCcSsiEfRxx0HAFXTRgo82_IaajB5IlB,unlabeled
https://drive.google.com/uc?id=1Cbol81bv5hjwVHrrYHLXm2bY99Z5_dCn,unlabeled
https://drive.google.com/uc?id=15LlVm2-2EoLD-wtpvEhyNzcjEFTcdPPu,unlabeled
https://drive.google.com/uc?id=1JR8VaK8LjQVKobSfB3u9fuSbU5ksU_bH,unlabeled
https://drive.google.com/uc?id=1utmEPUQeNM3ssiHYEWPN4B7Gg1pCCDCG,unlabeled
https://drive.google.com/uc?id=1jX-X4CIohHGCu-U1cnuo7Btx4C7L5cuR,unlabeled
https://drive.google.com/uc?id=16_nbznftJOw3mBxlcqWyHH9z5re31pM4,unlabeled
https://drive.google.com/uc?id=1Z8wpXCtwsyspwfoRKetJwQ-cr6NautMb,unlabeled
https://drive.google.com/uc?id=1a27TwBoQreqbPhnGV2dm5PqqtCK2enLY,unlabeled
https://drive.google.com/uc?id=1k_Fy-38R5b7pxTsSbEHj9knDeiyHvIzO,unlabeled
https://drive.google.com/uc?id=1Xh_NjiPVvEVnsA_vmwhXMJ0oHqEK4tJQ,unlabeled
https://drive.google.com/uc?id=1R6alOkEJ7xvPm8Svcqxh23pG5XxIPQr4,unlabeled
https://drive.google.com/uc?id=1CKrFXTeMOR0qKKOs1TvKoXf58dBGjboY,unlabeled
https://drive.google.com/uc?id=1Gei8VZLunPVpzyUoqoIMer95jnXrYYwl,unlabeled
https://drive.google.com/uc?id=1eehsNtue533vjJUJxQwzpAKyyNU68b-j,unlabeled
https://drive.google.com/uc?id=1uLZjr3YjM-4AljmhIGleGqzA0wbq5JEy,unlabeled
https://drive.google.com/uc?id=1eim1J410WQlaq2qsfSUQeu8vLbxbK2Oa,unlabeled
https://drive.google.com/uc?id=1mfsImk61O1TA0A7_iODV7VvuAv2k_7FW,unlabeled
https://drive.google.com/uc?id=1D0klh3SqK8QIsIVEy3JxFdat0n6l8wRq,unlabeled
https://drive.google.com/uc?id=1E-2WR9q9V8BILbHUiZ4Z6itTHroYnSv4,unlabeled
https://drive.google.com/uc?id=16lSuQWSbzZ9iz9QP80clYVYZaitAlUgw,unlabeled
https://drive.google.com/uc?id=16rDW35zWUMb0ymE4J_xXGonvoV-mY_Xs,unlabeled
https://drive.google.com/uc?id=1LLiPQrF1Ei_Uvw4TBqSVeFXN53-ZtRgv,unlabeled
https://drive.google.com/uc?id=13D1WC7r7Y3DYtWr7sjPctgXoj9nOlqrL,unlabeled
https://drive.google.com/uc?id=1JQZjReZFMcQQy9x6CG_jIA9YVlqgPeCG,unlabeled
https://drive.google.com/uc?id=1C0-bYGaxmd96FDn98JjAevdSNBCYPT68,unlabeled
https://drive.google.com/uc?id=1LSk6CqIDWzZBOcubl6yOQTtpQOjsHEYH,unlabeled
https://drive.google.com/uc?id=18qIvhTwEny7YZGud-DIlYBPii07TJ3B_,unlabeled
https://drive.google.com/uc?id=1vRc7epfx3udnfZZn9WcSxo_UaDYjE2ja,unlabeled
https://drive.google.com/uc?id=1TxOic2vBL2sClUWfVvWIaqZA547SAy4p,unlabeled
https://drive.google.com/uc?id=1GMaAlt4uCZ4BUjZBWo3V6Y0aDR_PiUMm,unlabeled
https://drive.google.com/uc?id=1x8mgxDTmcITCT4RYXzWtrJ4N40VIrbPM,unlabeled
https://drive.google.com/uc?id=12jUY3XEoAIrN_QlZC6gUq2JnkNe5Zl_a,unlabeled
https://drive.google.com/uc?id=1M_trC6FJlIH4YwcLSqWcIBY1wsEKP62k,unlabeled
https://drive.google.com/uc?id=1wZbDAdZLTtxTMzaSIcpLJBec9HTo9nI3,unlabeled
https://drive.google.com/uc?id=14-Jc7osnT3KkOIlt5f6tSRTfPxW5owuP,unlabeled
https://drive.google.com/uc?id=1lK79chmS4YGc5Rc1wD3h_wNLgg1bBVMv,unlabeled
https://drive.google.com/uc?id=1ZT5vdxQ7362DWonbIwuFw6PpwkloxX86,unlabeled
https://drive.google.com/uc?id=184l-wxdeIBlRQFV2zP8O8KLC5mMUn8uu,unlabeled
https://drive.google.com/uc?id=1EJ0cE3MfwTH6E8nqQ-qkG768YGEEtRBI,unlabeled
https://drive.google.com/uc?id=1IMMsZj1wAbKdxOHP428gUYKjNpDAsgFV,unlabeled
https://drive.google.com/uc?id=1ZHFtiZ3TTP0ZzF42idHBTVJjYsLlPRXI,unlabeled
https://drive.google.com/uc?id=1rpGqkaDOk0AXNyUre8S0x2LDfdklFEFB,unlabeled
https://drive.google.com/uc?id=1_t6HYUcUytM2Z7gRZrOzg5uqD-6IJCly,unlabeled
https://drive.google.com/uc?id=1paKFgWm-o1DN7M_zftDjq7EeIPwZlGP6,unlabeled
https://drive.google.com/uc?id=1wjjF0OJzygUZ61JfrNfZa50xzbG9acmx,unlabeled
https://drive.google.com/uc?id=1Imrklrk4mmo9jvl9gRCbd0L6TQXKaESy,unlabeled
https://drive.google.com/uc?id=17RSgATu1lDs2qWmjKGQhVpprwTfEn9ld,unlabeled
https://drive.google.com/uc?id=1c5wwWgg52vTW6L6zQYxLevUGvtvcLD0a,unlabeled
https://drive.google.com/uc?id=197tG_ZXpzHgsLbk_IeEziFyBrgB4JxYh,unlabeled
https://drive.google.com/uc?id=1fsrkmzGNYtKNw5t_cuz-DFRyiClJ8W97,unlabeled
https://drive.google.com/uc?id=1pMxhXsup8T1-KrJVNCpKLy9URYO3w9xd,unlabeled
https://drive.google.com/uc?id=1s0Ow3cPx8acbg8E6h7ICNlYP91Y5GDEj,unlabeled
https://drive.google.com/uc?id=1Ah2V-P0H0BZqMQJRCRwAEOBc8Ozpz4Gc,unlabeled
https://drive.google.com/uc?id=1o15zdfxoxDmVFKyMN1YyrOS-G3sqIm9r,unlabeled
https://drive.google.com/uc?id=1zxccqwXaYJFRWAWW9n7AwMTElOot067C,unlabeled
https://drive.google.com/uc?id=1omeFuH2HMqHKRTaXRU51QXeQ3_T3swnX,unlabeled
https://drive.google.com/uc?id=1BEsr9DcUZvn7J0AS9HeRWB52mZIsVnAq,unlabeled
https://drive.google.com/uc?id=1HQsO6oWBhrHjhpbEGFb_salVbnX2dcGC,unlabeled
https://drive.google.com/uc?id=1clMHNItAlJQPPWY-G9aqTjymDGz2okd2,unlabeled
https://drive.google.com/uc?id=1gghvg9YzieJYC6adA0bhjH0jNJ1hrXnV,unlabeled
https://drive.google.com/uc?id=10QF2yvSZkDNbDC3YRViTuFNXpdFiCn7c,unlabeled
https://drive.google.com/uc?id=1U4h-28NPKvB2aQNllI1984HEzpuy1YYG,unlabeled
https://drive.google.com/uc?id=1tTrpIFSYZ1gS_jm1R6LyBrgkNuqGmYUA,unlabeled
https://drive.google.com/uc?id=1D6372TDa9JibTFhFD1v5cnJze28Dhg2v,unlabeled
https://drive.google.com/uc?id=1u1vslQvzJ_WbFlfnKGyDk6ettDZGm_Qd,unlabeled
https://drive.google.com/uc?id=1T2pCwPxTzxPBLzvpUwk87yOR0k9RDFAb,unlabeled
https://drive.google.com/uc?id=1R9q_uQRhlYGBmiSZNNT1_UUNltHBtUco,unlabeled
https://drive.google.com/uc?id=1Wblu9XASyktX-WE7utpdeAs1f9q3qFmH,unlabeled
https://drive.google.com/uc?id=1btFdmNtosqKD_Avta-NhvHLTShJa-Ng1,unlabeled
https://drive.google.com/uc?id=1QnakRBUDpHgu394cXKYu0uxsAcp5p8d7,unlabeled
https://drive.google.com/uc?id=18EGH3oKhbYvnwR4qk3DbHfNHTpxLmYvX,unlabeled
https://drive.google.com/uc?id=1B5hiedY51hFwnOdxrpCcK9v1v7noUk92,unlabeled
https://drive.google.com/uc?id=1xol1auX1cDJhodW8SPNhnHKp55mTHTPz,unlabeled
https://drive.google.com/uc?id=13yU6mIl28dkD00jPgAnNj6o4Z9BlyRZ5,unlabeled
https://drive.google.com/uc?id=1MO5JHZHf-wKywFMALC5f03t2xoVrFsF6,unlabeled
https://drive.google.com/uc?id=1-4chFzse_AHpe0_TYyhdJg1EojFMEyGs,unlabeled
https://drive.google.com/uc?id=1qbOaXe44ZUVioxu_iZYQiY0OU-VRgTuL,unlabeled
https://drive.google.com/uc?id=1DM11y7ZKzrvLJSP3LflWrVVdETknzfe0,unlabeled
https://drive.google.com/uc?id=1l3apVBaN6S4eidq6G4_FpveyPKk3Z9lE,unlabeled
https://drive.google.com/uc?id=1dPvTnFXzmS5fKh1NzJ7ijfCmvwwTrQXI,unlabeled
https://drive.google.com/uc?id=1qlAgDezH65N3-CAqBF_f0fduYT54OReI,unlabeled
https://drive.google.com/uc?id=1ctvCltFU6RTkqeWJEKdxKnivY-1jD0ml,unlabeled
https://drive.google.com/uc?id=1kOr_nQZCnODF14_r_f6OXTL_PXegJdgI,unlabeled
https://drive.google.com/uc?id=1rG7te5C8qbKm8AUzuhzjmV5ntPK7QvAT,unlabeled
https://drive.google.com/uc?id=1nf1o_XfJYqtEcURG9l6mKm_jZLo3hfQC,unlabeled
https://drive.google.com/uc?id=1Dn5r3TqdzEEHgaHIoWtjUTSUPvT3iRiR,unlabeled
https://drive.google.com/uc?id=1DbYxwD91kLUXYMzuiihC3ip69zN8d5mq,unlabeled
https://drive.google.com/uc?id=1Rs59tv544AuYG_29d8Nk1iZvZiTN014y,unlabeled
https://drive.google.com/uc?id=1cTlJd1QZ9VRWItTIXtQwZMvQFpkCR03q,unlabeled
https://drive.google.com/uc?id=19Bj6Ah6egaIMr0ERJLEHKuwiNVvRQBAJ,unlabeled
https://drive.google.com/uc?id=1gUTB0jtSkXwid_tqveB6F1sHwJSN38-w,unlabeled
https://drive.google.com/uc?id=11h5TzCDlM_U7WqQcQWc-8gMFnvlgvzte,unlabeled
https://drive.google.com/uc?id=1iWXUNzSgaLl_7itcorjPysw3m98AIuB8,unlabeled
https://drive.google.com/uc?id=14-8XpcRA41MKg9ZwEUQ1ydgr67Iv22fS,unlabeled
https://drive.google.com/uc?id=1g7WLXpnUAcAGjY6Vq7ULmkHDtQq1FFfh,unlabeled
https://drive.google.com/uc?id=1aIuaFQ_DvYuoH2m2kt67OVPS0g4kHbUL,unlabeled
https://drive.google.com/uc?id=1G83qP3ZzyhF06OToaKwycvteN0tjBdi4,unlabeled
https://drive.google.com/uc?id=13lskiiivYUsNee_HQti9VUn5XhB_vXWB,unlabeled
https://drive.google.com/uc?id=1Tj5-mQbU9EI7OMc9jfF0-WNgjSf1dQbp,unlabeled
https://drive.google.com/uc?id=1I2UUT2EUkXtAX2BoRXwIJSVCqSR59yeD,unlabeled
https://drive.google.com/uc?id=1Ev2LRVdcRNOsWe9vxDXWaTJyGM3GIM4T,unlabeled
https://drive.google.com/uc?id=1U2DtPFgk5qB9rYJPYM4tdOBFegr9P271,unlabeled
https://drive.google.com/uc?id=1d1NAkB2DefQxXDdFZpl6oi3ezjdTvkJp,unlabeled
https://drive.google.com/uc?id=1S8Cm3PM1906MLhFu662M5D84wQU-FPdu,unlabeled
https://drive.google.com/uc?id=1UicSYkGR85C9BczPI8w1mwJiBIBqSgVE,unlabeled
https://drive.google.com/uc?id=1pce26XcqAhcASC4BeyG7ibwdl0FrwPXu,unlabeled
https://drive.google.com/uc?id=1YKaJRG_ubwe2Z1-JYrKo0uEYqKLiDNdP,unlabeled
https://drive.google.com/uc?id=1SpYezD7MWWHXHMVM_9yvrDded3f98W39,unlabeled
https://drive.google.com/uc?id=1dXI7QpEP-uxb6JWYjETwUUa2QyzXA6Ur,unlabeled
https://drive.google.com/uc?id=1d0-UNs8dhafrNNemHPzCcrxX6Qnawb2b,unlabeled
https://drive.google.com/uc?id=1Tgk0YDhS1ILYyoLpJ94kU9vO4h2TN1v-,unlabeled
https://drive.google.com/uc?id=1gCc0qiaGwCG5R05DuIWlMmYhEDnmd-O1,unlabeled
https://drive.google.com/uc?id=1m7LqLRD13acqDDNp8pNJeYgi6Q6jcGiM,unlabeled
https://drive.google.com/uc?id=1-o6duAFPm7wiOjxh28FbsRl1gRhP4RjR,unlabeled
https://drive.google.com/uc?id=1osJz904QaLGRfreB-lewdufTqfDE8Nsw,unlabeled
https://drive.google.com/uc?id=1IC4PzNWIBlXzT2u3wE23JigCj9ncVQMB,unlabeled
https://drive.google.com/uc?id=1IrC6wtXe58uK1W9ioJgj8JcPg2hAF2MQ,unlabeled
https://drive.google.com/uc?id=1HtTxQod_0RVRTIyv6exJyIgI-8sK4C9y,unlabeled
https://drive.google.com/uc?id=1zzjlW5x7puPoGH_oOxPOzigt8n5KBLy3,unlabeled
https://drive.google.com/uc?id=1-BUXF-9kP0DPrseLOREH_UzjjfZk5HPV,unlabeled
https://drive.google.com/uc?id=19p88hzLRsUXbp8Nq44RXCiX_cUY6xR7y,unlabeled
https://drive.google.com/uc?id=1Xjr-8VrAX3dPOOhA3bW-nwJfTqOiJ_5K,unlabeled
https://drive.google.com/uc?id=16aGbf2xTEfiC1jTNQDCnsp214S3mr2-3,unlabeled
https://drive.google.com/uc?id=1ZY5TG_00Qn8VH85nvepKcWVzF6NACFrO,unlabeled
https://drive.google.com/uc?id=1H6qzg66s7005JKlWDGL9Wmvdl7bWDQX-,unlabeled
https://drive.google.com/uc?id=1IAzmhYN_165W1EOqo5KkwczOsiSZOqG_,unlabeled
https://drive.google.com/uc?id=1RBgr7IVwIlFYNuSXX-9TZfjCcAXjKZB1,unlabeled
https://drive.google.com/uc?id=1uXaVWih2lUqFDU6tJlmcvZANGjefKdNb,unlabeled
https://drive.google.com/uc?id=1bvW054RteNrPcHIbiB23yV0_RJgRVI-l,unlabeled
https://drive.google.com/uc?id=17Ztb2_gr5xkcOY4HBN0uQqWe6WRyrjSu,unlabeled
https://drive.google.com/uc?id=1dPxI_FABcVnp77C5i8ETLjACRsJ3BHXy,unlabeled
https://drive.google.com/uc?id=1YBbVQf6nrrnguagvHQZ9o9SCSa_ID-ch,unlabeled
https://drive.google.com/uc?id=1UIxXJNmRiZed7q0dbaYP3W3DxX7X8vOA,unlabeled
https://drive.google.com/uc?id=1D54XIseTnndElT-DNbag_FcIfy_p2YhY,unlabeled
https://drive.google.com/uc?id=1Jk7hFcDWWhdt6y62eXXS5ru16RFYhAs9,unlabeled
https://drive.google.com/uc?id=1iyYsn2oD902VlEdrA6n_hbUgzGwUuFKw,unlabeled
https://drive.google.com/uc?id=1ji5IxEVxFUUbDrdjOiJZeVi3JDIyCYk4,unlabeled
https://drive.google.com/uc?id=1NbXGI94mDcFhbrCubfOXxwZETjXnDCzj,unlabeled
https://drive.google.com/uc?id=17SJxwJufK_gh1KaKLLFOlRxYKDgE44ew,unlabeled
https://drive.google.com/uc?id=19NJwA7u5Qyf-x1t2mc9WO-mgezSVwq78,unlabeled
https://drive.google.com/uc?id=1wEQlG64Z93sqmjkiz9tRTZdNTjOc-nzl,unlabeled
https://drive.google.com/uc?id=1TIOOfs8isc6J8nt2xwqcksvDkRKve4fK,unlabeled
https://drive.google.com/uc?id=1-kFJf8vPNWZB7vN3zJBNMYSAo7Rx3AJL,unlabeled
https://drive.google.com/uc?id=18aAmo8TurQov4_u07X--ZA2E0RA7CNaC,unlabeled
https://drive.google.com/uc?id=14io5ToIli7UmUCIiURDm4Xk319GIN3k5,unlabeled
https://drive.google.com/uc?id=1aiLObeMKRe71lAa5p49VVKaweCi_iQ6y,unlabeled
https://drive.google.com/uc?id=1gQlrSbYFm_jhKCKDAapooIqjIUVyvhkR,unlabeled
https://drive.google.com/uc?id=1neTqniGcGKd66xeAp6eNwJPjjUQcXZEj,unlabeled
https://drive.google.com/uc?id=1IzmGFK75z3qJLREm27Va_Ml-QssmkavY,unlabeled
https://drive.google.com/uc?id=1zMYQ4im1U75-6qikYBOJkcpL8GGb9dF2,unlabeled
https://drive.google.com/uc?id=1eGq9EtkDe7ojR2HOycH2-Z9NHjLycxRh,unlabeled
https://drive.google.com/uc?id=1DCg_gZXt3iB6420bSwXKpsiR6vd1RchB,unlabeled
https://drive.google.com/uc?id=19he8mTjfIbPhUTFk2oEXlNTc43-3Kt9O,unlabeled
https://drive.google.com/uc?id=1GKGU-qjXGVcRd7cEf2GWHJ7uVLNZxZot,unlabeled
https://drive.google.com/uc?id=1N0yl3bHKb8gzpD_9VQE9WMk8LlUcKWPV,unlabeled
https://drive.google.com/uc?id=1vv7nTJ1y8G1ooCk3ebogJLLhuTArpI7M,unlabeled
https://drive.google.com/uc?id=1Q4CslwxCfzyzBzFFyJI1BEr77yI04eoS,unlabeled
https://drive.google.com/uc?id=1Wow1vlIzvxqq89thmymLXw9iEPv4STeV,unlabeled
https://drive.google.com/uc?id=183mCaA-Q9Ho_-TuqG_Gpu81c7hLrWHem,unlabeled
https://drive.google.com/uc?id=1adllp9oQQHKhtVtzv36rH_nOp4LLsFWp,unlabeled
https://drive.google.com/uc?id=1x-DJ2lvgFCD50fw0Se6cUZBYcq0iOUav,unlabeled
https://drive.google.com/uc?id=1fbL_06biNQyjyg_lWKizoigx87AqVyHQ,unlabeled
https://drive.google.com/uc?id=1FiqKoP23KUbJgEipCuiWH98dmJ07MLNy,unlabeled
https://drive.google.com/uc?id=1-RJaz_m1vzcDtoeXaAulZHLtHQxtl4Sj,unlabeled
https://drive.google.com/uc?id=1KXy8g-ip5ZccfT9aZs7U64_Rrrhxrcqi,unlabeled
https://drive.google.com/uc?id=1Bav4cs32-9TgTd_iPDF2GSJ0xFJDvtXh,unlabeled
https://drive.google.com/uc?id=17R4KxtGLIOOomaVKLhGY4TuhB9Ag90q5,unlabeled
https://drive.google.com/uc?id=1cZ9rnm6rpCPrzmbC5h0_lGeamFfik5kI,unlabeled
https://drive.google.com/uc?id=1YwMivvu0mj80SHF6-uNX6ew8w_EwKFw_,unlabeled
https://drive.google.com/uc?id=1lcG9RqvDj-A-OcavCllOTGiuqluQrJXY,unlabeled
https://drive.google.com/uc?id=1pX_lbDIYRuxZ6nQ3z7d4tdPC-Zh7sC2B,unlabeled
https://drive.google.com/uc?id=1qWVE5w5MmK_9mZAbKCd-vsVEIH-3359J,unlabeled
https://drive.google.com/uc?id=1b-KMon_3R96dlS_Cm98n4HfYxc07Gp0v,unlabeled
https://drive.google.com/uc?id=1TcyTzMqFBD9kjVFP3eYG6Cj6K86DTS3k,unlabeled
https://drive.google.com/uc?id=12UKeXDsL7QYw9oQ3K9eoZzpiE1FYCOaX,unlabeled
https://drive.google.com/uc?id=1w9Wqn8CRyJpMyGvrgcvr7_KXwfm2FWXN,unlabeled
https://drive.google.com/uc?id=1riO9qJIBIiKMkZQUVq-5idzOiWnJJKBR,unlabeled
https://drive.google.com/uc?id=1vNAY4YBUQ0dTnVfGtHUvPL-dNcqNPMxu,unlabeled
https://drive.google.com/uc?id=1ko6TdAKeZTmumLbqE6eYIe5_jobrC9bK,unlabeled
https://drive.google.com/uc?id=1rqyKMCPvA7vuMCHF-GNhVWTJfkI1o-Jf,unlabeled
https://drive.google.com/uc?id=1EcxhbnYw9p6zpHqR3kFV-KEYVpsuri4q,unlabeled
https://drive.google.com/uc?id=1uKoynKd6sawRdvYjLY0mU-J3SFVRCA9v,unlabeled
https://drive.google.com/uc?id=1wqCmODE_trFhsbJyE_llzQ6lQBgyTls6,unlabeled
https://drive.google.com/uc?id=1X1Nn_VCJptJGIzsBawA2S19-6QPGje6u,unlabeled
https://drive.google.com/uc?id=1iPEX8AcbrkgYuW2mqPOX_NIFWgisHJg8,unlabeled
https://drive.google.com/uc?id=1uN2uLVfCNsMAB_sM5u3FTPsH06Ggthsy,unlabeled
https://drive.google.com/uc?id=1nikYG4XQq2iB-BGU93BUDlMD4ABOsNGQ,unlabeled
https://drive.google.com/uc?id=15eRE26jNsd1OuSLiS-XpyGK_x7TvWw9h,unlabeled
https://drive.google.com/uc?id=1XpO4RgOHreg4N543BcASXFiE2HX1a0g6,unlabeled
https://drive.google.com/uc?id=1-9wzekIv7josFr6Z1slt1lIdC7VDSSdD,unlabeled
https://drive.google.com/uc?id=1PUHh6nrAFHGmjBPs9abiMUzUKZDGlrLC,unlabeled
https://drive.google.com/uc?id=19eFzlcGSLPQxErALflMGQUIrt2H9aOHk,unlabeled
https://drive.google.com/uc?id=1GTfzcTV9OUDm6rxyKGtfugkVnawa6GrQ,unlabeled
https://drive.google.com/uc?id=1x9bqL204nLUBzE0LcrjtZ8SNws-dsg1v,unlabeled
https://drive.google.com/uc?id=1CYr2Mbm3SZIFdWNjllSxQ2pZeuE1Lkxo,unlabeled
https://drive.google.com/uc?id=1sbYmM1lpMxDLa-UgZLPHOqgEhhfvIJRa,unlabeled
https://drive.google.com/uc?id=1lFNmY47gPBjFkdsKRDXUosyXXEu2U4LV,unlabeled
https://drive.google.com/uc?id=10l6YyqRkgaRtOAb6_62TSUnMkkq_GgsR,unlabeled
https://drive.google.com/uc?id=1dLIRVAeupE8aQcrkkznYoyQorcjhd5lv,unlabeled
https://drive.google.com/uc?id=1SZAmO_kYfSeLR992pPqx5uYu6a9V9Xmv,unlabeled
https://drive.google.com/uc?id=1r9PNLE8epaDIDHVJeUyW2CipHL7t8CRm,unlabeled
https://drive.google.com/uc?id=11ZM5ixR6l8d10-hNaxIYDEVOibgQoSyF,unlabeled
https://drive.google.com/uc?id=1DRQ9F_4qkVW6hQT0KS5Uc3wxqzD6N7UQ,unlabeled
https://drive.google.com/uc?id=172Emoq2Hi5eXqVV8WVLlcSMJglCwD2-M,unlabeled
https://drive.google.com/uc?id=1uX0Msf40s7cxxM4VPxfYLxkQGzWX0wtR,unlabeled
https://drive.google.com/uc?id=1VZh_UzN0KBA3EFpGLuNNCspSnF31btsy,unlabeled
https://drive.google.com/uc?id=1MHV8sHbqkT1VCOOenezvb56gFta6T-iE,unlabeled
https://drive.google.com/uc?id=1TVaUAxAymoIO63vJZHKsEYqljrZ6ymRR,unlabeled
https://drive.google.com/uc?id=15ahgOzuMXhYy9Z29HTuoJbpgsWTYHnWI,unlabeled
https://drive.google.com/uc?id=1AxTxpTEEzc07c4h42HVL_sVMFxFaVjt0,unlabeled
https://drive.google.com/uc?id=11t1GiDC-ozWKIPl9Y_TikSj9NllMBBM1,unlabeled
https://drive.google.com/uc?id=1pSkJNwV-lPOfsl6jHC2Vd_HofuZQLdKJ,unlabeled
https://drive.google.com/uc?id=1NrOUKCcAgaI-NaTfCMvrYimc0726Ug-L,unlabeled
https://drive.google.com/uc?id=1kM19aEWWycaxY_FpONfoi7jt2VGrK1vU,unlabeled
https://drive.google.com/uc?id=1iepu4hXFQP-Y96MwxDH_zJRLbodGB49N,unlabeled
https://drive.google.com/uc?id=1YxINxh7k5drq13BowG0XEULcQfKtc5g7,unlabeled
https://drive.google.com/uc?id=1byMJ3l_b_9BqEXa47uEw6o6sSfhv_nHG,unlabeled
https://drive.google.com/uc?id=1tvtQeQ389LHFBHN5kh9QI34YSRwn9vxc,unlabeled
https://drive.google.com/uc?id=1e1zrCftODYZsn9VfnZwL5bsHdP9MVeX7,unlabeled
https://drive.google.com/uc?id=13-cC0fH9v7TygKysEh_ZVOyC4qIh934o,unlabeled
https://drive.google.com/uc?id=1_0xqkk49OimjdIjtFHMbN3HFT2wVjiHv,unlabeled
https://drive.google.com/uc?id=1Nt6Dd-Ouyr6dB57zEmD1EAQlrnkt3u6o,unlabeled
https://drive.google.com/uc?id=1Q65uW3BVJFmGANLV4KmzCDNAJ3PF2Urf,unlabeled
https://drive.google.com/uc?id=1shsF3BgO5bRGFn2ne-MfJe_m1pP_XdJh,unlabeled
https://drive.google.com/uc?id=1gtoIE5yP9Ls_VuRXU10sQaXHb7DmoHdr,unlabeled
https://drive.google.com/uc?id=1hE-OrJEKDqjfLow2e9Cy1qyUqD_7WI4F,unlabeled
https://drive.google.com/uc?id=13KJQvSNR4oF-qmVyaG2IdNxkzi-Whf-l,unlabeled
https://drive.google.com/uc?id=10LaJPP3Tnw_vc6uSmENq1L_BJ031hoe2,unlabeled
https://drive.google.com/uc?id=1Nc5ac3G7uYzOY1JrgbHRbCl5k-ux3IeS,unlabeled
https://drive.google.com/uc?id=1V76zPEkpuA9z2ac2u_psSxGPO4Ov9X6_,unlabeled
https://drive.google.com/uc?id=1SUfnWqrGyPrQOneppOsg-TXYzRXr5J-f,unlabeled
https://drive.google.com/uc?id=1Av6VMHJ3IGckuFRZai2RWHLukP1FALVs,unlabeled
https://drive.google.com/uc?id=1FsoC9Mgmu4M4ve95jQypTfUR-xUae2-V,unlabeled
https://drive.google.com/uc?id=1z1IEkD2xjgOIEbaJ_7roIeJ_1wL8hKrF,unlabeled
https://drive.google.com/uc?id=1edirv7GYgRwIegxEKTBlHwBMQvCGrtB8,unlabeled
https://drive.google.com/uc?id=1xhCeTIJ7rDnYQ7nFOuavTWWY8zdU7toh,unlabeled
https://drive.google.com/uc?id=1zzSlIIRbsalRrGrKdNVHCdIO6cHelSmE,unlabeled
https://drive.google.com/uc?id=1wCXa511mx_K6VZ3VPRRPy_2Q5HAvDm-a,unlabeled
https://drive.google.com/uc?id=19JnFtqhlYsKtjkuy14Ds8HkMDl3sLnAb,unlabeled
https://drive.google.com/uc?id=16AFowlVTfWFPdU2iNuxwVGkzC_3_Ehpa,unlabeled
https://drive.google.com/uc?id=1OgoZiRfd1muJ4pNz-DjKL8g4egTUs2Uk,unlabeled
https://drive.google.com/uc?id=1q41on18muHWvDmCqIPLqGGgpkyNKXCEq,unlabeled
https://drive.google.com/uc?id=1RNrhzl1ZDHiqMYurJdUqgU_Kf3TsMpQh,unlabeled
https://drive.google.com/uc?id=1RZmgartzWIFVfwvY1YxW4huB5QamRZ12,unlabeled
https://drive.google.com/uc?id=15rXU-MhWDmle3I4NJTrsBD4jkje_HtvE,unlabeled
https://drive.google.com/uc?id=1n--o3KIIbHlq65o0pQhA7OyJ-zMv-FHr,unlabeled
https://drive.google.com/uc?id=1jxxqklr-geWJjcpG2eKSG1JoWP0Qz_a7,unlabeled
https://drive.google.com/uc?id=141qf2286ys9aBuf0-OlzxfYMjHXmX2zV,unlabeled
https://drive.google.com/uc?id=1RuggbnuXSW3AvK-tDG_eCHcuB9fje2Pj,unlabeled
https://drive.google.com/uc?id=11RE10d5UMdOF5V78s9_QNm8CN6bYraWE,unlabeled
https://drive.google.com/uc?id=1td_Ff-TEIOsxKcYLo3u183xW5FQJ0IsR,unlabeled
https://drive.google.com/uc?id=10CFrQ2WJfPKJcwTxYmW1IV0KLcpPSuG2,unlabeled
https://drive.google.com/uc?id=1mkxLYW90jWJImGCZD6N8MnXe19NgswDt,unlabeled
https://drive.google.com/uc?id=1-H7yeNMR6F67y3UwVmmvxJCXb0Pas2B_,unlabeled
https://drive.google.com/uc?id=1V8OiPKzvp1FXXNlFvoYJ-xhln3Tbkudt,unlabeled
https://drive.google.com/uc?id=1U1aUWApki40vqrzKWXbIhBVVSMn0pX2U,unlabeled
https://drive.google.com/uc?id=1Geg-FESVm5kgn1cwjVhhJ0OB_SoT-doN,unlabeled
https://drive.google.com/uc?id=1VAXBHOHe_L-5f0-CNyKnjtqWbc3Sudj1,unlabeled
https://drive.google.com/uc?id=1hsdVdg7pDkbM7lOie9fYaZkROJs07Vx5,unlabeled
https://drive.google.com/uc?id=1ecvzrzcgsPdLvd0SKYWD2j2tF_OjS408,unlabeled
https://drive.google.com/uc?id=1MRF-CelUAP64bGAx2u-U9fNMfkjTEgQr,unlabeled
https://drive.google.com/uc?id=1bjZmI4A1_UMFPhGqSg-noAx0mOXhxlzF,unlabeled
https://drive.google.com/uc?id=1VkJZU-c4IwRWUK16lwqj1MoQkD5x0GEB,unlabeled
https://drive.google.com/uc?id=1pvB1QvC30VltL2xZJuqaqkRbXikSYhAZ,unlabeled
https://drive.google.com/uc?id=1tcq3FOdGc1EUoPx_oL3x06pjrWOlh9qq,unlabeled
https://drive.google.com/uc?id=1rYF67iuK67jPewSY4Ot5SMzG6_PRKslu,unlabeled
https://drive.google.com/uc?id=1KX0k5FmyypM2hwAEvX-vKSSwWBrp_hKH,unlabeled
https://drive.google.com/uc?id=1sPQMN8XCKpkWZZzpbSo2TTPGyPBIWc5S,unlabeled
https://drive.google.com/uc?id=1HpLRTsV93_hI7-1EUJBWW22qWuvR8Io7,unlabeled
https://drive.google.com/uc?id=14hUmhRLXap7v-9UaSk-rtzvp9V8htoYN,unlabeled
https://drive.google.com/uc?id=1hi5iE0Tn-oQbl_d7-cYa1zz91KC7P16B,unlabeled
https://drive.google.com/uc?id=1fbaMPCBunNShqBfnQv5FFf9i79W8TCxC,unlabeled
https://drive.google.com/uc?id=1tcA4MrYXlgL4eHNUzteMtAF_VrXpBowM,unlabeled
https://drive.google.com/uc?id=1FQehUnGAhn4fUqI4xwIcAcMTuuEAgtpW,unlabeled
https://drive.google.com/uc?id=1GSlSMmDUaSoNRX0puDG8uWPoBB_PPzUq,unlabeled
https://drive.google.com/uc?id=1KtV4fsOYfk-gFhpA5UObuX0SP9J3sTaZ,unlabeled
https://drive.google.com/uc?id=12_U-d_s5GRQsLsD_j3kWmw5Km7z0WZv4,unlabeled
https://drive.google.com/uc?id=13552cCHQY6U07Xi7mHKo-j6X3arKKUTt,unlabeled
https://drive.google.com/uc?id=1lpPdfX_DsYJwKPIBIhzcxlt78us-0juA,unlabeled
https://drive.google.com/uc?id=1qWD4nWGmZjlBOViOBE7jsLVmM2Hku4gL,unlabeled
https://drive.google.com/uc?id=12HuxD_AzJW4XbiaQxldtwM3R-KK6272p,unlabeled
https://drive.google.com/uc?id=16JB-qPQUk9Max70abRgqj8fAcDrHw37m,unlabeled
https://drive.google.com/uc?id=1hY2JZf6Z9A6hFaAMYLLlhcE2r76gupnj,unlabeled
https://drive.google.com/uc?id=19Qv9s99HETvYdylrpbsMmy5N0LcKjY9m,unlabeled
https://drive.google.com/uc?id=1lh_5BHRl1DLmrZJ9PLpaWAjG-ac0SZlS,unlabeled
https://drive.google.com/uc?id=1psHsfwRk6AHLYLoe7E-ZukIe6xBeT8XR,unlabeled
https://drive.google.com/uc?id=1hR3TMRTP_1zWuxsvEOJquGMfaN2mXukn,unlabeled
https://drive.google.com/uc?id=19KAFYxfAxKlvKY6dRnaA6V4QhP11F7P8,unlabeled
https://drive.google.com/uc?id=1MRbIwBD00co10w6np2e5HkccmwQ3xNTU,unlabeled
https://drive.google.com/uc?id=1TCo7D8RPWpPSx_BUbhIHiRDxbGMdDwSF,unlabeled
https://drive.google.com/uc?id=1e_c3TnC1VgCmJ3q48BrR6BKW5WZ-0XCc,unlabeled
https://drive.google.com/uc?id=1nQjT3_YTAYTCrG2h8W267djmnRRoST8K,unlabeled
https://drive.google.com/uc?id=18QlNAntLsJsg1QnL7MeSq6m-pnY46_nh,unlabeled
https://drive.google.com/uc?id=1IiJ_R_Kk0x-Pbcdgf7TWg1iNIRLGRSto,unlabeled
https://drive.google.com/uc?id=1gF_G_c7XogV2D_7aI3yTmbhKcM8oVlSo,unlabeled
https://drive.google.com/uc?id=1HVJGDgsG6C93ekuWwv70ujU1nZJ1OQWy,unlabeled
https://drive.google.com/uc?id=1RWxvN8KU-l4DVsdnSfMDD1je9SdYgWu3,unlabeled
https://drive.google.com/uc?id=1pV_jDW8kLzKRXi9AxfwVW5Um3Eo_0XCS,unlabeled
https://drive.google.com/uc?id=1tKEHMxHgRM9zMPMuiYbBLP8yjzCiMVZ8,unlabeled
https://drive.google.com/uc?id=1IGHVDCuc32tEgfpO0gBF8hQK84HqPL4B,unlabeled
https://drive.google.com/uc?id=1fnh7teVMqXD2jAq9KUT6nFJ-YFx-Sorm,unlabeled
https://drive.google.com/uc?id=1N_UdY20UEKwE9bh4lb9xYWR_8WK_5HBd,unlabeled
https://drive.google.com/uc?id=1amPXsAF-Di1bj2T5R8nAqmlYCZ8-c-tZ,unlabeled
https://drive.google.com/uc?id=1hdDFcIjAeCMt81qBEOg18CEg3CliOLOL,unlabeled
https://drive.google.com/uc?id=1SQyHRhW3bkQR-uUQA0BfsxukRGVLCRfG,unlabeled
https://drive.google.com/uc?id=1VsFy4uYzw46IKUtwrIm-1wCU41wNuCeO,unlabeled
https://drive.google.com/uc?id=17b1vRXJaaUUZj0nOmr7fIQxTIciPBFwE,unlabeled
https://drive.google.com/uc?id=1npBHGPucqv6va-_fmppk4PI-B-5mNe2Q,unlabeled
https://drive.google.com/uc?id=17LJH9KYtZOq0izkNPYRYYD6DKQyk8nkY,unlabeled
https://drive.google.com/uc?id=1TZBG4w3LIG14OdIGDW-du08ZD2zvBIFI,unlabeled
https://drive.google.com/uc?id=14A5hSNBfSnTP3-oK-SLZHzU34IJz-jl4,unlabeled
https://drive.google.com/uc?id=1TftXDh9LLXGdTx-LmvZe_gU7-xN33CyM,unlabeled
https://drive.google.com/uc?id=1v-Y6n5qjNorj807YsPxUIov32Q-EFzH4,unlabeled
https://drive.google.com/uc?id=1kx9pN8MVBWBny_I7yoUC--TDGqmzrjzP,unlabeled
https://drive.google.com/uc?id=155Yh4lwmVWXPvDgxMXRGqzFsLJCJnG9U,unlabeled
https://drive.google.com/uc?id=1zPLTyB1nk3Z4xX5fcAHl37daTaQ0OgIN,unlabeled
https://drive.google.com/uc?id=17kW-h29oOvkPiRHo5DFHYpNcNY6_QVhs,unlabeled
https://drive.google.com/uc?id=1ps3-7iKGEUc0Ob7eJSwYkFjw4aOI8B4H,unlabeled
https://drive.google.com/uc?id=125xHqQZP-Xbssx3aFepnEFUpgrEPMgTA,unlabeled
https://drive.google.com/uc?id=1_Sv0IuewrnqGSRrO57wSLfNawvW9eScV,unlabeled
https://drive.google.com/uc?id=1sJBrle681QEYMKqPzsV6Aj_iWLpeyr9L,unlabeled
https://drive.google.com/uc?id=120goBd7xCDx4nv030Gdph2J1m0ILguSv,unlabeled
https://drive.google.com/uc?id=13COPhCGmbOeh5oRmkZR-USycMFZ3zfBD,unlabeled
https://drive.google.com/uc?id=13i-F-um5oYowDGZCOpmYlC8G0hqJ2IFm,unlabeled
https://drive.google.com/uc?id=1GsSQM6CRiZdj6vleoCkYaFDCOI0qO-U4,unlabeled
https://drive.google.com/uc?id=11LzDP7w8hIOawUi4Omw-BV4SBMS-shUa,unlabeled
https://drive.google.com/uc?id=1TvSiDY76gqSfXsAUzGt_NuPAJJckFjwm,unlabeled
https://drive.google.com/uc?id=1JlXMiElj0UfktVx4O3aMAAMaIQAQYP3J,unlabeled
https://drive.google.com/uc?id=1MUa9gvAcnbjClk-aum80XbZAiwWV-blH,unlabeled
https://drive.google.com/uc?id=192jE8gTNXn8EdgtdZVYark-_vOg56uMT,unlabeled
https://drive.google.com/uc?id=1MCFitAiEiUdXGbERQUiFq0VjdNQkXmo5,unlabeled
https://drive.google.com/uc?id=1bdiv9qQeh9hqP3dzqd57O3es4p4EHaKN,unlabeled
https://drive.google.com/uc?id=1WQT8vacGiGK42N9qo_qMqfDCnsbw3FEM,unlabeled
https://drive.google.com/uc?id=1T8tNQgazs2w9dAqfkxYv_8pdb9gdglZk,unlabeled
https://drive.google.com/uc?id=1pZvHp2aOoUSv3w-AUBRQgTvoqFKqv3Km,unlabeled
https://drive.google.com/uc?id=15qUqPfFprREc4zrqGCK9ZP_ePY1jFH5-,unlabeled
https://drive.google.com/uc?id=1AyO7o4Ngdymzvur9uI4Ead-8_CFp-d9K,unlabeled
https://drive.google.com/uc?id=1qgQzFvWCv7HL_ca1ZbJMekHgjawz7Rol,unlabeled
https://drive.google.com/uc?id=1y01eN2Ec_1KJJTbi3V0a44SQmtoL6ZJG,unlabeled
https://drive.google.com/uc?id=1zzZqoDuqhnc72hnNzg6lrVPiX_t3BZMZ,unlabeled
https://drive.google.com/uc?id=1MMfv33NlmbdHqzzf9yY-1LQg3nE5c0NW,unlabeled
https://drive.google.com/uc?id=1seKg1vCcJ8DFBDnxjbZTMnd_Ht4SeblS,unlabeled
https://drive.google.com/uc?id=1w8DLeIpUAKXqul1hhOccjZzwPuxg4uSq,unlabeled
https://drive.google.com/uc?id=16DGX962ZY7if0HI44r286uc9cgu5ZRuT,unlabeled
https://drive.google.com/uc?id=1m-pI2Rl7VMNf8hd0OfMmzL53qPOKUikd,unlabeled
https://drive.google.com/uc?id=1z2xkdb167JsH2tSRWb-oXM1aVB6xuCtQ,unlabeled
https://drive.google.com/uc?id=16_UUA6zMMgFzciCeIHPpwYPFF978dOHo,unlabeled
https://drive.google.com/uc?id=1BxaKsnXQnooXRUC9jX61xLjga3BUBEau,unlabeled
https://drive.google.com/uc?id=1-kyTHevpqn3teni1x-wWjhNjhFPB2p_s,unlabeled
https://drive.google.com/uc?id=1QxBnmoZVlFJMvYqoN2zjrJxQpr-UZheo,unlabeled
https://drive.google.com/uc?id=1kzSz6yGzVJCczcTIO1YFyerRuRMWHG4a,unlabeled
https://drive.google.com/uc?id=1-D_A3K00YtLm7Ckm1J9NEsQOOHm2DB7X,unlabeled
https://drive.google.com/uc?id=1-sCirTDfSv3QscMAd5WkqYwKy7wk08Av,unlabeled
https://drive.google.com/uc?id=13WYVhUx1fx11HFjZLbY8hYd-tI3CgUcl,unlabeled
https://drive.google.com/uc?id=1cfJmXVL1hHdZSU1xlERABOsGyvT_osDa,unlabeled
https://drive.google.com/uc?id=1CVXwQcQ7msA2Q3ej2m2V1YHSeFKLqUsK,unlabeled
https://drive.google.com/uc?id=1GyssvAoKJphVSg4zCVEy3LAml0mL02aH,unlabeled
https://drive.google.com/uc?id=1_-aMNhnTdXU0lD-jafGFneSvsju0LhGd,unlabeled
https://drive.google.com/uc?id=112QHKWlfMBn797xY5DJeh8Aer0-jkUWZ,unlabeled
https://drive.google.com/uc?id=1rbz4ShNdJFrQTcnw8hLvqDyVNDSTZz0M,unlabeled
https://drive.google.com/uc?id=1zSzZv53fuYw12k9tMwtcG3kSwaoqt083,unlabeled
https://drive.google.com/uc?id=1DnjmHIMX7DqTEhYR9wm8fxYFcvrs12ZK,unlabeled
https://drive.google.com/uc?id=1aqovz_zzDsrAJr93pBVBTrHy_EhFtu-B,unlabeled
https://drive.google.com/uc?id=1M2y3VvpzQKA9wk5hPfyRxIk1ThaTvYL-,unlabeled
https://drive.google.com/uc?id=1Sc0TibY-E15cLGDxy74Fnpvhyt-FqBoU,unlabeled
https://drive.google.com/uc?id=1FwkT2l8OoRbfJjWwYJR6-UlU5PO4adIv,unlabeled
https://drive.google.com/uc?id=1dfDmJK5XDkibSYXW1gVa50RGxXpFU6bN,unlabeled
https://drive.google.com/uc?id=1Nh8si0QneOuZok43NW5SYHPBIo35ESxN,unlabeled
https://drive.google.com/uc?id=1VqRXpEKMNacFOCK4wA4dfBDB2SL1PZ-k,unlabeled
https://drive.google.com/uc?id=1a4zjbm2YdqH5h0JvB_v2WkxP2WbpO16r,unlabeled
https://drive.google.com/uc?id=1GEpQ8shtazW7eaFrmUK9AkbO8r4NHPRU,unlabeled
https://drive.google.com/uc?id=1xHnJsgETZXPJJaGug8Rv3K4jCPl_lXSU,unlabeled
https://drive.google.com/uc?id=1RzM6HptualiH2X_AYXlN2rvxsAZ40JdJ,unlabeled
https://drive.google.com/uc?id=1xGiuvEUQFitGA8rcxsLYyblcEvQc8ERN,unlabeled
https://drive.google.com/uc?id=1CCJNE0nvHbhiqR6aVgJN2ifknND8pYDW,unlabeled
https://drive.google.com/uc?id=10uJ6gbsnE0vgetFVm1uMP7EzSvUb-lhj,unlabeled
https://drive.google.com/uc?id=1LPuwPYEVyHjuWFtkqzmdMpKeeCAwG1BB,unlabeled
https://drive.google.com/uc?id=1YhXsYLEtUwB740hMpuzAkufViYMUKZzX,unlabeled
https://drive.google.com/uc?id=1QOvJmqkWOKSOfyKV6X1sz60O8DgsHcZw,unlabeled
https://drive.google.com/uc?id=1anMRXMidrcRxc4Quz1gjKqaDw9uv4-jn,unlabeled
https://drive.google.com/uc?id=1zvLAHDXTyPa0qY5-A6NmMII6JiecQdsT,unlabeled
https://drive.google.com/uc?id=1dyE5OIqxB_b2BLxoW5l3to2CfOFmF9lb,unlabeled
https://drive.google.com/uc?id=1FjkUZZPIe7ixX9ro-5F2BDQmOEKI0jfj,unlabeled
https://drive.google.com/uc?id=1vSTpVlPtU-kAYo1bQJ4KDPMmyn702CbS,unlabeled
https://drive.google.com/uc?id=1mmEs21ElVfKKcSWdUF7ouieBFdp3-zIr,unlabeled
https://drive.google.com/uc?id=1AZD3s3eE0fS3VRoUMOPY4c4MTdJqOfpz,unlabeled
https://drive.google.com/uc?id=11SNnbSjB4nj6KkmOHnKoiuY_Y_jUDkoO,unlabeled
https://drive.google.com/uc?id=1JgSxvUQAVNWos372U_hPv4gAGbKkEleS,unlabeled
https://drive.google.com/uc?id=1XDl0Bc441A7U9GZyCsLz9KBgThG65ty_,unlabeled
https://drive.google.com/uc?id=1eyFjLlOv4lHkfI5qBKhoIIi0Bm_7XHaR,unlabeled
https://drive.google.com/uc?id=1JYfBWTuDJOVvGDxuWyLOHOFGHB2LGBU6,unlabeled
https://drive.google.com/uc?id=1y0eJtsZ70LkCu0FXW5gxoihhvUFqSXLs,unlabeled
https://drive.google.com/uc?id=1INs7mzcpccg9w0pPxXCQO511tl65O5Ar,unlabeled
https://drive.google.com/uc?id=1aArY_6kLHH54dyJbcmBNLZEgz5nDomh3,unlabeled
https://drive.google.com/uc?id=1WY_nncz-_VFhXzw-YOPb4oTY4SEoSFPp,unlabeled
https://drive.google.com/uc?id=1bH1e1-il9mA7jpDouGWFt3KBJuGPD_6F,unlabeled
https://drive.google.com/uc?id=1Qp0itm2vgW2sELCa9iCg-dBJpfWGYROQ,unlabeled
https://drive.google.com/uc?id=1nMs1s_-ote_0jARg2058hQBXs3nd_2UL,unlabeled
https://drive.google.com/uc?id=16NoZnchJN9-RvQczS9Bpyefs_g6s3mf3,unlabeled
https://drive.google.com/uc?id=1ooOsukrQIbK-Fy8aVHWG5LRYRXtlwWb0,unlabeled
https://drive.google.com/uc?id=1miyLBcSCr6i9oKocg-gEAz5Ucbw9l9Xr,unlabeled
https://drive.google.com/uc?id=1mZRFYbZKCBVMq-uFwO67QhgNv3qdFInv,unlabeled
https://drive.google.com/uc?id=15rSl9UxkZdlmudwJS6_IsGRB__WxaD0n,unlabeled
https://drive.google.com/uc?id=1tyfkL7RZJsluWV1AnbvrdWjAP4rcWyNm,unlabeled
https://drive.google.com/uc?id=1PJzOzZL6TQ1eotgx9tE2ABilzhffG6ur,unlabeled
https://drive.google.com/uc?id=1UUOzINsNLperKBJKvD8CB4R2ce_sBJ2M,unlabeled
https://drive.google.com/uc?id=13mMGZTcawCyLfaHOojJTfRmDFdvdzHL2,unlabeled
https://drive.google.com/uc?id=1WmBQ87Z5SerbbYQHHox627X5e3uzuSvi,unlabeled
https://drive.google.com/uc?id=1s-5FrR412RLE1741LLMguESM7OE_iw7e,unlabeled
https://drive.google.com/uc?id=1T0iDZkaRVjaPd8GHvPLlLun0l5flQGpB,unlabeled
https://drive.google.com/uc?id=1yQZfZTaOh07GuMr4fbmlEumTlS2V90HL,unlabeled
https://drive.google.com/uc?id=1dRqklFTm3jNgkrN_ZwWZ8BDnw4VO6UbR,unlabeled
https://drive.google.com/uc?id=1wLxkY-xN_R8lOPWxlhhl7gl2hOdgbouE,unlabeled
https://drive.google.com/uc?id=1h2w_J_K6wNfTDN1snMRjLNY4LfXeImgA,unlabeled
https://drive.google.com/uc?id=1Di9zj0uO_pJi1Epdj7GyZoS5kNUtJ40f,unlabeled
https://drive.google.com/uc?id=1NXBF_XME8AjlRlcLK47r_I1HJtEjVgyz,unlabeled
https://drive.google.com/uc?id=19ttPbbnsveVv1yvgZGf5rJGH5k5bmiA1,unlabeled
https://drive.google.com/uc?id=1RD6FqziBtw8c2OteaS8vP5hvQWFcRsw-,unlabeled
https://drive.google.com/uc?id=1ITRCd32IDZcB0A1zTzWStq97WU0tNSTM,unlabeled
https://drive.google.com/uc?id=1rQR4YiCX_3aTEcI31II6G-NXWE1ID-KR,unlabeled
https://drive.google.com/uc?id=1Tnj1S7AvnhOaiWtjYvRWotIEhe0T1eN5,unlabeled
https://drive.google.com/uc?id=1zUee7BEhY8oj-7ASJ46jNwoFT-6rQLHL,unlabeled
https://drive.google.com/uc?id=1nsd7g4o9HKXMsSTxiUbdQnusdvh0neW6,unlabeled
https://drive.google.com/uc?id=1EvtQCMWHweHyMMnBqgbO3mWTngToh1jB,unlabeled
https://drive.google.com/uc?id=1jYfsD2z3O-GffGyoCn76LHPPhLE1Rhfc,unlabeled
https://drive.google.com/uc?id=1jYTd6gesHv0Cg3RWvBNxKFqR_KTr_S5h,unlabeled
https://drive.google.com/uc?id=1kWZc0Y6Y3Hgomyv7dMGRTxs-OfWIz7iU,unlabeled
https://drive.google.com/uc?id=1gsDGG9YuCfjaqUzSnENWMRGEA3issmoy,unlabeled
https://drive.google.com/uc?id=1zQYpmHXH_CrkRgBTIn4gIcaqpOi5W8UA,unlabeled
https://drive.google.com/uc?id=1whlCgE4wYMJYNkxLLdXsUGCK5xGuSCVn,unlabeled
https://drive.google.com/uc?id=1xRX6E96m3zLs0SpbUNFbOZfqCDlMn6iI,unlabeled
https://drive.google.com/uc?id=1jvZoxy7bxpRkDDro4WXBaFUxQ0EmbcKP,unlabeled
https://drive.google.com/uc?id=1hbhcu953XT8ScbYY45K16-v3asrIAzFh,unlabeled
https://drive.google.com/uc?id=1OnfqghPhiZ_RCoZbL0AjGHGwzc58q2zg,unlabeled
https://drive.google.com/uc?id=1zI6Kn7EtgQUF7le00UMLhCDJ8hCCU8r7,unlabeled
https://drive.google.com/uc?id=1buFrGNDU1D0kuRfWhn4jDZHr-9II_IXx,unlabeled
https://drive.google.com/uc?id=1LTrloFuWkXYQPxstmizDvdtbnVl38C9f,unlabeled
https://drive.google.com/uc?id=1oVz7SkJbd1jir7vHfic6gZLNpJkBZxrH,unlabeled
https://drive.google.com/uc?id=1MVXsNOxzeK42W7lOXvyWQ8Q7y2GC6Fk8,unlabeled
https://drive.google.com/uc?id=1zGuYlUcRHBSthXDM1z62_78kR-P40R1-,unlabeled
https://drive.google.com/uc?id=1K9mQAw7ssldWuTN82Ewba7pjawM5vqhQ,unlabeled
https://drive.google.com/uc?id=1fCrUqIOMY8O0fSZt_QLJrc7apu2bB6mw,unlabeled
https://drive.google.com/uc?id=1f-LQDCKPkzIk88I-dPMCWZQc4QtbllPK,unlabeled
https://drive.google.com/uc?id=1ZnU2C6UOFztZZo7Da0tKXBN5a3BUtveU,unlabeled
https://drive.google.com/uc?id=1aHzSq2Blzg5wZYqNTGihyp80gFi3BmjZ,unlabeled
https://drive.google.com/uc?id=1R1LExeRfcpD70EeEgWaH1MB_D3hxAHBr,unlabeled
https://drive.google.com/uc?id=18Q5sltLWpaI9KbzbbX7tBdKPKuZIOHK3,unlabeled
https://drive.google.com/uc?id=1ykQ-pCemUsCeX-bHDE--YcgKJ5uzp2Ev,unlabeled
https://drive.google.com/uc?id=1rRI52dQp3046KsJ-hk2YePMlAosMS1Bb,unlabeled
https://drive.google.com/uc?id=1yAPeJrVqD3P9S8ECks9H1wfc7_DPeU57,unlabeled
https://drive.google.com/uc?id=17_GMlycBb1H2FxHT_Z0TYgrT0NeQ_QcD,unlabeled
https://drive.google.com/uc?id=1eM6wFjnJ6dok6VwtJYApgSR-KQTMAvpO,unlabeled
https://drive.google.com/uc?id=1JO1g-ul02xSZRtsVpD9_KsYUnGfj9juw,unlabeled
https://drive.google.com/uc?id=1EiH-f9IbNC8UPmNuLzEG9MHSg15-APPe,unlabeled
https://drive.google.com/uc?id=1je_HPEA0qg1fuRG6QhUtX9RUGuTOQiAa,unlabeled
https://drive.google.com/uc?id=1M0sV9XjYMATMqGAEVDbuKOWnbW0v2RP-,unlabeled
https://drive.google.com/uc?id=1-xj8jIWSZV0gomStHu2dNYjCwAMJAR5D,unlabeled
https://drive.google.com/uc?id=1kSa9MCslnIDjKdGV_4D3uOrWXe6WkQwT,unlabeled
https://drive.google.com/uc?id=16k4l4_nFDa7rv0TBjNz0GjxbUkfLkoNU,unlabeled
https://drive.google.com/uc?id=12E_Zrv1PJcwFl2S7WofNxewfSyFHx15v,unlabeled
https://drive.google.com/uc?id=1wOWBZ0PQB74hx37GPq1j93472IilIS-2,unlabeled
https://drive.google.com/uc?id=1-k1Mv71l0ECJHqpOM7HMGJWRDEdKebZo,unlabeled
https://drive.google.com/uc?id=1tjc8iW5uz25uwJzPPu9CDVUqCQ1Snres,unlabeled
https://drive.google.com/uc?id=1zstwDLn1oAFch2S7wZcshaJtuVgRpOfR,unlabeled
https://drive.google.com/uc?id=1BHkHijx_AgOCASIfJg2T1cOMMlXyH-90,unlabeled
https://drive.google.com/uc?id=1szTmrlvOkGiDBPY7670l0DHI_9l5Xq_8,unlabeled
https://drive.google.com/uc?id=1n1wOmTi0BK_kMTM0A_5-xnPmCefhH7Ha,unlabeled
https://drive.google.com/uc?id=1Lnt4cMLsbtZ_yyCT_9rHTpdj2UV5Ay1-,unlabeled
https://drive.google.com/uc?id=1fYcHoM906Xem6iL7mjiTUrWaFuqQNZPF,unlabeled
https://drive.google.com/uc?id=1I0z3d8CKlJD2MuynWWd40ov5s06ceFa9,unlabeled
https://drive.google.com/uc?id=1TYDPXwc7vlr-WxlWpoOvvBlkrmIwnAsl,unlabeled
https://drive.google.com/uc?id=1YqJrpwXlPjCMHQlru0wStSjtEgQNGSAR,unlabeled
https://drive.google.com/uc?id=1FBMc78R34507hOCelGF_VxNSgiAuXhxp,unlabeled
https://drive.google.com/uc?id=1In6tOmNjWhrPsXFDKRCmo81xWEpXP2BM,unlabeled
https://drive.google.com/uc?id=1IzxZsgfW27dQ1fdvKo_kQTw_h1lsQASr,unlabeled
https://drive.google.com/uc?id=1c46FweUup1NCPJkioHdAMFr4fsEYx6EO,unlabeled
https://drive.google.com/uc?id=1VcWxUSOVBk0o7EZ6wUYu5abmXkD5HH-8,unlabeled
https://drive.google.com/uc?id=1oJmNVku8A-QviCO6Iksyvww7brOvHvIx,unlabeled
https://drive.google.com/uc?id=1Ts2p45MgSEUNWYlkTFZzIIaiLLeXUykf,unlabeled
https://drive.google.com/uc?id=1L-u7Vzw3_4uskRlLIJC9W9N-EG4xqTTu,unlabeled
https://drive.google.com/uc?id=1uQ30eixzejemRYcdLeWwqe0VOjdg5uvE,unlabeled
https://drive.google.com/uc?id=1z5h4Rlw9zo8E2HLDKI4GgcZ3BpG8ImhM,unlabeled
https://drive.google.com/uc?id=1xvCrfGXC9iI4MDaIaUQAD2A-3qyHnlSV,unlabeled
https://drive.google.com/uc?id=1kJKAFfc5TchIIAFIB4wJApVeY770PSAL,unlabeled
https://drive.google.com/uc?id=1sif7IXQ7M8PdHtRbh7NiktTYeKLrcuhr,unlabeled
https://drive.google.com/uc?id=1Xiui3rk9jt1ks-w1zS0u03IaU1a_N4MG,unlabeled
https://drive.google.com/uc?id=1xjEXXnm7748HcbDb0zn1HZL8PpyFwTJx,unlabeled
https://drive.google.com/uc?id=1pZG9D0p94ZgzrYbDvAO6Dds0uu0POMP8,unlabeled
https://drive.google.com/uc?id=1rsf2_wE2RNHNFtm3kvOQtb-6ES_GLDLJ,unlabeled
https://drive.google.com/uc?id=1lyl8yrK4Z2LClIz0jmpoCbnknSM2OQSj,unlabeled
https://drive.google.com/uc?id=1oKPT_3QpJONGZBMelj7ijuOI4la55Vxl,unlabeled
https://drive.google.com/uc?id=1PmX0txy0ci-lVwZIKAo6Hd3J6WvI4Kfq,unlabeled
https://drive.google.com/uc?id=15ofWmxphhM77DD35CXzOXkqpU5rUFv6L,unlabeled
https://drive.google.com/uc?id=16BakOua9UE6P28HUmTCGHSf1YMihUYMI,unlabeled
https://drive.google.com/uc?id=1btlRXSR41nsVu0n-k7O4LkkOv7ljOPl-,unlabeled
https://drive.google.com/uc?id=1bsaf10bZlMf16yDQj5eTUSodPiTueYz2,unlabeled
https://drive.google.com/uc?id=1vh9hHReKN45h1uwJZwrSt8AR86AkJw-j,unlabeled
https://drive.google.com/uc?id=128m6V4mirDhdsDbFEclLx-7-RsDdadrf,unlabeled
https://drive.google.com/uc?id=19h6L2S4_MexZ4_36iFJJkjye6n6hI3pj,unlabeled
https://drive.google.com/uc?id=1RDw-65zGwVbYZHHjJLU3QypYR2ce4Gan,unlabeled
https://drive.google.com/uc?id=1eh81YVMGFiR8HK4yjdlh-ulSm-hEtzjq,unlabeled
https://drive.google.com/uc?id=1Pg1nE52U6XZC35Qc_HC3Is1oHS93-37p,unlabeled
https://drive.google.com/uc?id=1SOQN7jcEywqp4qvo0FnlNrn4zPvKL1fn,unlabeled
https://drive.google.com/uc?id=1yvhlfDaLiCUSCa8NP5IpFJCDhMmV8fGS,unlabeled
https://drive.google.com/uc?id=1htSvTfmKMgYWGybfYyoBU_d6hyRQaS8L,unlabeled
https://drive.google.com/uc?id=1lisOlvVypTC8boBTj6bXl3OZDkT5mcKE,unlabeled
https://drive.google.com/uc?id=14E76Wnl12XYyAy4HokzzbTAK8PSeZJhg,unlabeled
https://drive.google.com/uc?id=1CgF0PLr4hX9Xoz6mj7pGxOXxX4hQEV4N,unlabeled
https://drive.google.com/uc?id=1llRNhfoAiELVsmfMFst5L-vmabU_X0pm,unlabeled
https://drive.google.com/uc?id=1-SFhRD88Zh1jwmexlnrsvsbxCYfYw81k,unlabeled
https://drive.google.com/uc?id=1jR6RQEZW9LbrtRdbsuY4iaot4myHuZ5V,unlabeled
https://drive.google.com/uc?id=1INT1Zpkvl7Xz9QIJvj_36HMiT0uxzSMH,unlabeled
https://drive.google.com/uc?id=173d-K-LAtflzmrjypY-fHiNQZveWjtAu,unlabeled
https://drive.google.com/uc?id=1-7RbkR2QgPjtZIGk7K0desCI6YWuaWfC,unlabeled
https://drive.google.com/uc?id=1wS1RY5GVme2fxbF_L4cJMRDshcyWvMOQ,unlabeled
https://drive.google.com/uc?id=1DEWWoinj97WidX33nGwU6eiXTx1NAKjQ,unlabeled
https://drive.google.com/uc?id=179ZB4xNiyYNb02Bx4uIZBLM6pVWmd93L,unlabeled
https://drive.google.com/uc?id=1ezMmdtY3gpsNz5M-2wzOWfDDfrgwDCX0,unlabeled
https://drive.google.com/uc?id=1jPy_4TFDp0SW-nGl0wO5G4l8X_MnKLLc,unlabeled
https://drive.google.com/uc?id=1AJEuBwz3v789JGkq7bksPOAyYrO15NH7,unlabeled
https://drive.google.com/uc?id=1QqKmbaGk8iv1lesspMgbEGYGZiL-ul_2,unlabeled
https://drive.google.com/uc?id=1mpQzm0D7y0yx30JfJ-BmCIYYTr3Yxx9G,unlabeled
https://drive.google.com/uc?id=1nnFCO9n5t2WV_tUArG0b1qimxvDSlOTr,unlabeled
https://drive.google.com/uc?id=1iHukT1A-H0r4_u5skcd_hgTUHpIKdO6C,unlabeled
https://drive.google.com/uc?id=11PFYbKEe1hsfhpo81rsOXZtlMacNTeBS,unlabeled
https://drive.google.com/uc?id=13ZzRHs2HOxaxiSOSWPOuOx_3IiDasbiQ,unlabeled
https://drive.google.com/uc?id=12TCmew7ybHENsxVDissFvvlmVzZNjOLs,unlabeled
https://drive.google.com/uc?id=1BTWJMiWk3e_a8uKT9572tEZrU-ZHsAjo,unlabeled
https://drive.google.com/uc?id=1RD-bDXWirWg6FHQxQDfeMZcd3fImprOM,unlabeled
https://drive.google.com/uc?id=1kKyqR0cK0DgYLdSaYtiWxvmR2UjMav-D,unlabeled
https://drive.google.com/uc?id=1ruxQ2ciE4QkNe3xCkPRRl2aty_j_L89n,unlabeled
https://drive.google.com/uc?id=1G0lqRadvgK6wpMtWuyxzIfoPsMyd8J_R,unlabeled
https://drive.google.com/uc?id=1C_j8SVQ9sE7Mr22jFvF-jNSDsTD0AN6S,unlabeled
https://drive.google.com/uc?id=14Mzmrnpl4WY2xYWDu63xgOZLPHAjgZF5,unlabeled
https://drive.google.com/uc?id=1gQbGZeTQs8hac4C8QzNu2sGPdFWkbqOd,unlabeled
https://drive.google.com/uc?id=1tH-KYSNTzSCh-amMezgAIG7SZSR3spy4,unlabeled
https://drive.google.com/uc?id=1NKHoVsgVw8NYWUiVNSmME6kZH31Wh5Hv,unlabeled
https://drive.google.com/uc?id=1Zjo1cwly6h65bzOdqbO4UBB7fsuxR16Y,unlabeled
https://drive.google.com/uc?id=1uVsBMlBsMKqgdl4p4xt9AkQ8eIU7b97V,unlabeled
https://drive.google.com/uc?id=1Y7XBe3igGpvhqRKFikmvH7OpFvJIxTWE,unlabeled
https://drive.google.com/uc?id=1tCAvtikO1X3C6nXwe3AeBI24bbbGJhYN,unlabeled
https://drive.google.com/uc?id=1XxyGjxs2PtitlFlo3nxGO2ORPzTCJh6i,unlabeled
https://drive.google.com/uc?id=1RHYCijF0seSPJ9EDqSrCSRTtuK9ZP7mJ,unlabeled
https://drive.google.com/uc?id=1hfNXE-WfWrhQ5VQKJFVZv-NOR4UYgbOa,unlabeled
https://drive.google.com/uc?id=1AdWWeN0kE8oPbXsNX9mPNSg1p3LTnEKO,unlabeled
https://drive.google.com/uc?id=1iERdi8nf10XFdET5mdPPgJ3Q7tBBh0KG,unlabeled
https://drive.google.com/uc?id=1Z2Bu4g8AiJM_MT7tbC1tpRLaecyBehMT,unlabeled
https://drive.google.com/uc?id=1oVCUUPVDX8XN3SgD_zNXZXTPWGaNWBBQ,unlabeled
https://drive.google.com/uc?id=12TB4s6uehv3UImxgi1DiDH0SU87Qa-B0,unlabeled
https://drive.google.com/uc?id=1WvLzrYJgeRSH135L6nmydsu88e5jgUoz,unlabeled
https://drive.google.com/uc?id=19us2Nv0ctErpyOjXkpXGPgV3XLU30zxm,unlabeled
https://drive.google.com/uc?id=15h_bHtFv4wolc2IQ0_c0x3-Wrc2O8SYe,unlabeled
https://drive.google.com/uc?id=1Lq84mRmTWIguzLbUkQgDc4HGzsFz9m9h,unlabeled
https://drive.google.com/uc?id=1wX1xxVEkJsKCPzA_zZjwPI4MI1VsoPew,unlabeled
https://drive.google.com/uc?id=1DWlGVPXHhStdnuXCl6k8iY3cvkiAZ85E,unlabeled
https://drive.google.com/uc?id=1R9HZx-3bviNGmT8qjM_k0OIpcmNRjaIL,unlabeled
https://drive.google.com/uc?id=11xgsUWQtMbYrCFtLkGhO55lNNoehGIZ0,unlabeled
https://drive.google.com/uc?id=1Gy4dgKJw0YO_YrK672-3PNIr5GzI6onB,unlabeled
https://drive.google.com/uc?id=1zSb9WfDH8kP9PXycydNX6OthhtvsJrit,unlabeled
https://drive.google.com/uc?id=1DPOR0H9NDIq7Kwp1qtMT29MSInkoV6jK,unlabeled
https://drive.google.com/uc?id=1dVkCKZHh83Gg6f3ICakBpOz700Oxvn1P,unlabeled
https://drive.google.com/uc?id=1etxU0C8QZjKM4larFSFOsiEq01sQ_xYN,unlabeled
https://drive.google.com/uc?id=1RKpfR9TT6Osl_UVCJsQu4Z_uPBpRLGG3,unlabeled
https://drive.google.com/uc?id=1U4k0nOFOKMmOPd0xA9rC6Ef_37kob1Hk,unlabeled
https://drive.google.com/uc?id=1KnPOMHEIcNSVdBzGu2qteW2h1RSVLSgf,unlabeled
https://drive.google.com/uc?id=1eIP2Mb51IupPEq4Sg6lMgGVgvgHe2ccG,unlabeled
https://drive.google.com/uc?id=1m8pNhCtRIk4a7fevuiewnLmVNNIMel5k,unlabeled
https://drive.google.com/uc?id=1zvocLEpxgk63ho392GIRrQa5M89wQQtG,unlabeled
https://drive.google.com/uc?id=1RAFWxmOxBcYSxOQsNGkeiV2mUSbPgQHW,unlabeled
https://drive.google.com/uc?id=1xrhPxdA39y-2X3AWFriu7w1vxAxxOT-t,unlabeled
https://drive.google.com/uc?id=1XNzcHfESIPVVEu6o5R-NdmhR7Nqb76xl,unlabeled
https://drive.google.com/uc?id=1XaTnU4aWpBhhIObbRER6f-Rd0dAUk4se,unlabeled
https://drive.google.com/uc?id=1LTh9iaH9i2WaZfAbRvJzm1ErgO1BE-97,unlabeled
https://drive.google.com/uc?id=1erF3AT48OjFRevs53YQAEc4nXyD_vg2m,unlabeled
https://drive.google.com/uc?id=1THcMhXKFscUDccPemIO6ol12EaLX19r5,unlabeled
https://drive.google.com/uc?id=1CgKXFKgRX5bHrnkTk4L5w7OqEHC3BjJh,unlabeled
https://drive.google.com/uc?id=1U1IU35GxALjq4jjoBwBU3c1O_pnndfBR,unlabeled
https://drive.google.com/uc?id=1Wz7-dCF71gYebQ1IoGXfo5vmzEprhWxc,unlabeled
https://drive.google.com/uc?id=1Luo5Mff-4gour4cFNfIGJJ-MPS5GE6P0,unlabeled
https://drive.google.com/uc?id=1h48XpNYYiICB7GHiSJP1dblcfQCDgLps,unlabeled
https://drive.google.com/uc?id=1Vj5kXZrB67C-fFPx7_14x60jF0KXyJNR,unlabeled
https://drive.google.com/uc?id=1NXWguWm077J5j6Ft89WMDhMSnMUJZtp2,unlabeled
https://drive.google.com/uc?id=1Z_q1EmDUy1_zBgWOx_XHOd6mVjFK0pGQ,unlabeled
https://drive.google.com/uc?id=1TTV3L43iD8_KzH79ZUcdwOS6zXS7Lkdx,unlabeled
https://drive.google.com/uc?id=1z_hKm5Un70j0tZCL09BxaoHG6FcsybL0,unlabeled
https://drive.google.com/uc?id=14EF3vp_V0IauXS9n2iDyN1gY_7Gjgjzm,unlabeled
https://drive.google.com/uc?id=1ryFP_claIogMp02kTjQeQL5t5onUQIj3,unlabeled
https://drive.google.com/uc?id=1FQIGi61u-9SZ3pnIGek6P-C4BHC3OhVg,unlabeled
https://drive.google.com/uc?id=11U_KN_QVmZjlYAJ8qIIgiR-4ttwoLJ97,unlabeled
https://drive.google.com/uc?id=1C24ntJGgbZtvLab_HQGYgWpM0pdG3ZJA,unlabeled
https://drive.google.com/uc?id=1LdoKdLjv05pugFmxqTUITJk3oedo-1vY,unlabeled
https://drive.google.com/uc?id=1IZwRVGcvSK0k8iH-EnMohK3Uv1LjwSuA,unlabeled
https://drive.google.com/uc?id=1gwm0qaJ315K3Dg9wx2bAewoHDm42dQtf,unlabeled
https://drive.google.com/uc?id=1iacDhs_albHL1Zj0dESgFg7i_r-HaGGT,unlabeled
https://drive.google.com/uc?id=1O1j_TveAh6OAOqq1deQSE5ZgB_xX1JgO,unlabeled
https://drive.google.com/uc?id=1-jivZJtUD_5B-rkdQt6jhwtUZrd0xfRD,unlabeled
https://drive.google.com/uc?id=1HeD-i0CmnGORmP5RvWn81g_le-9JEml6,unlabeled
https://drive.google.com/uc?id=1SQtg6VA_OG3EEqDVwhrXqBAIIuDkyPfk,unlabeled
https://drive.google.com/uc?id=1woN3xp52LWwM65xkojE_Gbq5gkyzK6eO,unlabeled
https://drive.google.com/uc?id=1kEn49__O3A_vlBoJrJ32mGq4-6IjnmQf,unlabeled
https://drive.google.com/uc?id=1FYoXYc_9_agxUzqgrFz8Z51R34lcnFq9,unlabeled
https://drive.google.com/uc?id=1dgB-JXnwmij9i3qdIH1hIre7szDUv-qL,unlabeled
https://drive.google.com/uc?id=147rmscUN77ugS0RlSBVZzL6zr7Vg3Bm7,unlabeled
https://drive.google.com/uc?id=1cjltzl17rPJq20IECeJ7LdY7zTaG7cFd,unlabeled
https://drive.google.com/uc?id=16HDFu1V4N6_Ck0mYTsOQeUDSvVCSY0Od,unlabeled
https://drive.google.com/uc?id=1AHhq2Cx3FW_p4l_BxJeVy-7svrnTW8gT,unlabeled
https://drive.google.com/uc?id=1TBYEtgIRlEScSTleaSgS0Dm6wzIZyZAv,unlabeled
https://drive.google.com/uc?id=1LANDwHk5XyZ4UAvZVaKGqY8YnvQSObAK,unlabeled
https://drive.google.com/uc?id=1Xxpmzc1ytxk5rDfAFJT21QX3qrKPWLjh,unlabeled
https://drive.google.com/uc?id=1nJLifoAozI2MecWntsU18WsNyoa15kNN,unlabeled
https://drive.google.com/uc?id=1ALSPW9I-A5KpXEteSVf7BnnurNOx3qbK,unlabeled
https://drive.google.com/uc?id=1s8-Zce7PyL8g1KQjuzCgal1hMlEgZTw3,unlabeled
https://drive.google.com/uc?id=10DbGvsHZ9bqd1zbDfUp7EoHFLUZaHYpP,unlabeled
https://drive.google.com/uc?id=1UFuNILt7BgMqXKaok4YIOtAJ8jYRhdN4,unlabeled
https://drive.google.com/uc?id=1XAJeN6EAhHhyuMkrZje33_Pqu_dj9k2h,unlabeled
https://drive.google.com/uc?id=1vSKmm6867d2CK7NKrXYxspUTASGWrVZH,unlabeled
https://drive.google.com/uc?id=1fwGH77Bza4bVT4A_l1SJuJK382w3uUx5,unlabeled
https://drive.google.com/uc?id=1VWrpCx4fKnDDZvlHeSE3ZesJYjs9Q5uo,unlabeled
https://drive.google.com/uc?id=1wHUnR1Mr3jt5QBTFkp0npryNp5sMPA11,unlabeled
https://drive.google.com/uc?id=1VlFHhrEkvlO_9IB1VEYI3MCphwr5CRp_,unlabeled
https://drive.google.com/uc?id=1YVQVzYmpfiIynHfeSBTc3r1pYp6NwIh9,unlabeled
https://drive.google.com/uc?id=1H_42Jmm9rteU16V3lM0boioZJZzCsa6U,unlabeled
https://drive.google.com/uc?id=1J4AczfgNXEXApy_4vOYMslS9RqQoINqK,unlabeled
https://drive.google.com/uc?id=1djBrEn2jRRXrTeKGW8RMuGAN_QQeITwu,unlabeled
https://drive.google.com/uc?id=1M9sN3zUHeWEMLTvqetryM-G-HewliIiT,unlabeled
https://drive.google.com/uc?id=1jxVZJDObL2qaDdQ1bSrIH2gpW60D2Sk1,unlabeled
https://drive.google.com/uc?id=1UlsfyGMjWWF_QKQXutkN_qm-7hwBeHsr,unlabeled
https://drive.google.com/uc?id=1llGQbprpYqOH7j_CCgjNz55esEoMtNWd,unlabeled
https://drive.google.com/uc?id=1xxCrP9Cg7aGoR_351ryYWPaybzUBv7Ef,unlabeled
https://drive.google.com/uc?id=1wtU6Lu44QaxU1TfrLshihRlXe0ruTKfx,unlabeled
https://drive.google.com/uc?id=1Chq4md1PJmcZiM29YmRyFf1ZHJmFVyq_,unlabeled
https://drive.google.com/uc?id=1ufl-u4__-uh5tnsnSLZDtBI15bxhQgXa,unlabeled
https://drive.google.com/uc?id=1KWFyXYoOkvFQ2OF66Hy5LkOF-pV_eGH-,unlabeled
https://drive.google.com/uc?id=14kFqHt1YKCHurgmOhj8-ocnL3i90pOce,unlabeled
https://drive.google.com/uc?id=1IQhF8P89gpv-17cKOeZraq43e4oO-20L,unlabeled
https://drive.google.com/uc?id=1dK8gN7r0UetemmwjSDAD6MJ0qvjr_Ugr,unlabeled
https://drive.google.com/uc?id=1YXnmZu0KOH9USy6B5WvJDAYIIH2um4sB,unlabeled
https://drive.google.com/uc?id=1X6bfLXE8xoy_SE-qOpp1o4SrMDXc1f07,unlabeled
https://drive.google.com/uc?id=187Y3N60B4HDbLEpG-Hh2mALUGQpb_gXk,unlabeled
https://drive.google.com/uc?id=1548OcumRMnyo3Mn1E7gIQvOiWpzLaQB7,unlabeled
https://drive.google.com/uc?id=1XMAdqqqk5_n_01zWEc_scj2ypEA6gdpV,unlabeled
https://drive.google.com/uc?id=1OqMyZm_S5N5li6NjgQlv4KviS9Rua19t,unlabeled
https://drive.google.com/uc?id=1qieIMVy2Pc2dzTp7ODwTaaa2EvC4BnmJ,unlabeled
https://drive.google.com/uc?id=1A1kypxKKBgvdOks7FnABgcwQTA8DxY-Y,unlabeled
https://drive.google.com/uc?id=1laLry6cw1e4k5eIsLOHV2vXZ86KWlpTM,unlabeled
https://drive.google.com/uc?id=1B5s0diQxNHb-R4AZv1cmtNQXKGIlw94_,unlabeled
https://drive.google.com/uc?id=1B7M63KBrwXOsTbZEofvZ9m7Fqo4vCmXT,unlabeled
https://drive.google.com/uc?id=1s60c6UH7AFeYZf8KsEZngDLUyC5aOS83,unlabeled
https://drive.google.com/uc?id=1AvH-tHfDyGI1NVxqb2hp7ShPNOd7HwXQ,unlabeled
https://drive.google.com/uc?id=1KP9Qicsg2n8OqF8qgFUBFVsytg6OOg48,unlabeled
https://drive.google.com/uc?id=1EUA5qahpWoJXwJRmkoWjkAe4PguXukhY,unlabeled
https://drive.google.com/uc?id=1xHm6SmsnpNFgxwGtZTAhUg1e6XeymFhI,unlabeled
https://drive.google.com/uc?id=1M19xf8rTg9BpCXQ2FWn49tM-lL5YEFkL,unlabeled
https://drive.google.com/uc?id=15HL1yrnQT6eD9PW-v1fD9xMKQwh64o-3,unlabeled
https://drive.google.com/uc?id=1zMHKJF5IX9xWvq2slJingpxxXZS3uns0,unlabeled
https://drive.google.com/uc?id=10scUVlOQjd9U7hLdG9l6JdHBO1Z1XDAL,unlabeled
https://drive.google.com/uc?id=1t1n_xr1xZvXZAcKfMiQJnnYNeEk4PGhs,unlabeled
https://drive.google.com/uc?id=18rBxEIhT-wSfvYrtCLniC00LIuHDAOnH,unlabeled
https://drive.google.com/uc?id=1wpA4pWUI-HV43NP0Y9XaeI0dpmSJSV0Q,unlabeled
https://drive.google.com/uc?id=1xkygY3MGu59Bjg6OCwTcfmZvSW5x9SEO,unlabeled
https://drive.google.com/uc?id=1CMFa2Vk2JOMhAuA7jx2KooTcspI6NxQ1,unlabeled
https://drive.google.com/uc?id=1lVeaJhlD2E4XjQCaHoywWBMKORYRerCh,unlabeled
https://drive.google.com/uc?id=1uK_1qxLPGvQGOBews7PzXvWcj92mXGmJ,unlabeled
https://drive.google.com/uc?id=1vpwqKL1IDJMcVp-bzJEdwuEgDwSDkcax,unlabeled
https://drive.google.com/uc?id=1YCWlHw--p7enHnmiMeN---mCQfMcb0mf,unlabeled
https://drive.google.com/uc?id=1LegUbeTJ9AQJV1H-0EJJCaZYu6Kvw2n7,unlabeled
https://drive.google.com/uc?id=17puhs2jRx4cy1JU3VHxLvt1E-3tHLaaU,unlabeled
https://drive.google.com/uc?id=1ShWT7BtuNHogWtYrBbj3Zun7SsNfv8ID,unlabeled
https://drive.google.com/uc?id=1ExbUTdjnvFFQea0Pmo5wRXiyg__9feYY,unlabeled
https://drive.google.com/uc?id=1ZdoOfridSxGX8cPEb34RkSmi4sH0othx,unlabeled
https://drive.google.com/uc?id=1T_UIQCHx_ECjEiQtm0pJWGnoGFDPa8fC,unlabeled
https://drive.google.com/uc?id=11pJ3FbweC7X-jqpkxBbUh4-MooGfx-6_,unlabeled
https://drive.google.com/uc?id=15v7WoDM3SbEg3DkGIsr_jnq6MGyEdMCn,unlabeled
https://drive.google.com/uc?id=1D5NsG4BALZe-ksyCr1eORdDz1zaAqAXe,unlabeled
https://drive.google.com/uc?id=1xgd_fGRDk-Shorrf0vhefAN2khAOVYFF,unlabeled
https://drive.google.com/uc?id=1cLUVruuOnvJePR3oowne7U3zCzBPfy-C,unlabeled
https://drive.google.com/uc?id=1qloIglqwzR6BQfwZEdJc2nwt4x_osWC1,unlabeled
https://drive.google.com/uc?id=1R76wDNhsSPdoVjuwldcHdICRU9XYrXKu,unlabeled
https://drive.google.com/uc?id=1MKwlC1TXB_5PCIn9Zd2GCW3yR9OW45QO,unlabeled
https://drive.google.com/uc?id=13s0h7a_F5zJjdco2VeuWgi7NK0gZHqjw,unlabeled
https://drive.google.com/uc?id=1Pyc1BnwMgbSsv8cz0TCrwXo_XsbU2bOc,unlabeled
https://drive.google.com/uc?id=1nOZyeTrc8T1BrcpKXVyhunHJnIrWnlGb,unlabeled
https://drive.google.com/uc?id=1dqdFmv-Ct1_jZLQJZf7AN7c4_sTO3I_K,unlabeled
https://drive.google.com/uc?id=1enAN0Y8opkfylbTj7mJW4QeaW0NZtlD1,unlabeled
https://drive.google.com/uc?id=1qDhxuCT03oPteEjl87UH-hou-uG5Dc3T,unlabeled
https://drive.google.com/uc?id=12X4ZFG5QvdgBOXNRHxIL0-8FVkIamvVy,unlabeled
https://drive.google.com/uc?id=1tZA5_AAntnAbgKQMl7KxxXleQf-lN5Qf,unlabeled
https://drive.google.com/uc?id=1gfne2Eq5EmqoyEJg-InYXTOFzFRsBey4,unlabeled
https://drive.google.com/uc?id=1yfkQOFkhNoJpk95ouDq7XuABLTN7iQ6S,unlabeled
https://drive.google.com/uc?id=1ImJiTGn82hdjWcveyIzxSKTwt8vUW9er,unlabeled
https://drive.google.com/uc?id=1KQPU5JtscZ5tJFmTM_1dcH1Q3r7riiz3,unlabeled
https://drive.google.com/uc?id=1sBZrTxDMBsdttvH025-tS9wUnyyg9ax6,unlabeled
https://drive.google.com/uc?id=1lWaM70O6hgZRnBGwHi_J-wBUgrKu5lnc,unlabeled
https://drive.google.com/uc?id=1p7W7FK48Nf0GhgELcIwRV1OoAXSk2EUO,unlabeled
https://drive.google.com/uc?id=1TEwx8_ilWd63KztogjCRaEzF8h9KEE3G,unlabeled
https://drive.google.com/uc?id=1XEy7AOWMVQRio1HKOF_pCzSeTUNgMUOs,unlabeled
https://drive.google.com/uc?id=1I2QYxgMTiwVqkR26IjIBfp_K2x5gdngS,unlabeled
https://drive.google.com/uc?id=1_6B0BIRpwSP0v_o4dxJ_phViXpfXHXvf,unlabeled
https://drive.google.com/uc?id=1l0BxcnKrp2qZY_bxROPAf2Xhrm4YGUxo,unlabeled
https://drive.google.com/uc?id=1wu6_jvJ-fCS9duAmAthegqGVvjbhZbbz,unlabeled
https://drive.google.com/uc?id=1jI-FTiJI-rf1FCzEl1vlGu3ZRQhW9f2Z,unlabeled
https://drive.google.com/uc?id=1vAnRaa6XmsaJZwdoldleIn-NzlffHGcm,unlabeled
https://drive.google.com/uc?id=15FYCF6iOO7mrY0CBhQVBCjKvPJ0XYIdP,unlabeled
https://drive.google.com/uc?id=1MCLSbM0AtHwOm693SYKZLl654muEspzL,unlabeled
https://drive.google.com/uc?id=1dEmCMVuaiZGKr2Nwegtt-yMrP5Z56lWJ,unlabeled
https://drive.google.com/uc?id=1bi8ONGsofIiYWCkpxXzXHU_xsTcjb1Sb,unlabeled
https://drive.google.com/uc?id=14HNTsEy6kVTzjRHev8xCQpdjOoc3JO2A,unlabeled
https://drive.google.com/uc?id=1Oa85f3mcRXWFssuuaiQ5Y1WZson1rIo2,unlabeled
https://drive.google.com/uc?id=1X9Rz6JyG3YkfD6BLqsbizdj6j21kqcYK,unlabeled
https://drive.google.com/uc?id=1ARHhPwJoAx2SUD6J0OWrxPW_zidF-EkK,unlabeled
https://drive.google.com/uc?id=17KBYw4nSEMJJuJOzk1zRe6MkUnOP8uGl,unlabeled
https://drive.google.com/uc?id=1CAzVDWButRyqeIv56ugD7F-fWyNuSFNx,unlabeled
https://drive.google.com/uc?id=1ksE3cYbxkPm4uZxjMwEhOQHNGb__OdGI,unlabeled
https://drive.google.com/uc?id=1L3M-SPLBu-qvYQNdSLE7DHzwMTAGj-CV,unlabeled
https://drive.google.com/uc?id=1xnsc7l0PK2FjscjjKQ7fqm60IUaHi0LF,unlabeled
https://drive.google.com/uc?id=1InW2CGzvUsE1fj4_sCMug866wEE1dsGW,unlabeled
https://drive.google.com/uc?id=1nMlBC-1nGfNUnnSA92J7vHgCRu5KoyG9,unlabeled
https://drive.google.com/uc?id=1PNdpTiFOSAjBx57kA7jGNYasMDOfLdpi,unlabeled
https://drive.google.com/uc?id=1w-d5TzFlEVF0tweP4PZbniVifT4SQF3I,unlabeled
https://drive.google.com/uc?id=1n_VfdHjIdrj2UpTIY56LlPKthmGEvJVt,unlabeled
https://drive.google.com/uc?id=1l3nXtf0D4S9ByCA9iP-3COpY9jf8aWLd,unlabeled
https://drive.google.com/uc?id=172c2DESi_ahLPaWMnjJY5-o8rl46AVe2,unlabeled
https://drive.google.com/uc?id=1xpikaF275NKy8SYVr55fQuD4ahlTRFqM,unlabeled
https://drive.google.com/uc?id=1Ue0XawRNYD1oDg3bGRbeLK-8-N_vR8H6,unlabeled
https://drive.google.com/uc?id=1qJnXp9kKy1AqaEBw-1cNTBrxpRWvB2kV,unlabeled
https://drive.google.com/uc?id=1G54ood9NuQUZ_x7RJGiMt2NsLCMqKhGL,unlabeled
https://drive.google.com/uc?id=1g-2v9qfZ75zcRtBQkgErBHmh1axbeS4l,unlabeled
https://drive.google.com/uc?id=18F6dMS_RkjCP-X0OQF7OW4uNFZnfm5q1,unlabeled
https://drive.google.com/uc?id=1BIsGJKkn63kOeOc6VE3LJe1ATK_ca8Am,unlabeled
https://drive.google.com/uc?id=1MZ_ocoavK87aD2H4T1MFGB5vBMYXt_sd,unlabeled
https://drive.google.com/uc?id=1fti0oABvgEEm3i2AXHnVrfr1L1X1MQrd,unlabeled
https://drive.google.com/uc?id=1F-RLOtqSs15NTsoJohEMKOOK6tsm9UBZ,unlabeled
https://drive.google.com/uc?id=1Tg-2zfmt-08TPth7HUL3YEWEwW3FwtTJ,unlabeled
https://drive.google.com/uc?id=1lGVct11YP6MGy_NlNSyd92ikA7bQiEXl,unlabeled
https://drive.google.com/uc?id=1w7FLwYHvsRnN6pRpm1dfLD_3awHpE6CC,unlabeled
https://drive.google.com/uc?id=1nEIeizskMA2xpMJEppcddbpwIxYNXXlI,unlabeled
https://drive.google.com/uc?id=1BzWd8xDGJJ5Oy9O1CouA3dsrEYM3V7nK,unlabeled
https://drive.google.com/uc?id=1tHLW4ViWlnPGdqS13OatDv0aXhKasW44,unlabeled
https://drive.google.com/uc?id=14dqSG6pTfWB6yjvLfPDGr34qMIfDN0qd,unlabeled
https://drive.google.com/uc?id=1VW8gdr52762M-qRbRtP0Inrl1TfuGx7Z,unlabeled
https://drive.google.com/uc?id=1FD5WG2gQzW5V-HMCZir63XtZeq1oGenj,unlabeled
https://drive.google.com/uc?id=1x-8RJPpU2vtsubhlO-6asuzdbja-BRCp,unlabeled
https://drive.google.com/uc?id=10CF2buaDP_K0ovCrsgYji6AvsKRL8saX,unlabeled
https://drive.google.com/uc?id=11v_1xQKeEyPUd5-s737do2JnC_428fmu,unlabeled
https://drive.google.com/uc?id=1L563zoBpwKCgXMDmaZy4a_UX3XoKWhBI,unlabeled
https://drive.google.com/uc?id=1O3-HYcntDWBuu97Tr7XvkdI5R-AnGQ3D,unlabeled
https://drive.google.com/uc?id=1KLV00b5rKvGtDjLw4Q-qCAaqc-UvLBpJ,unlabeled
https://drive.google.com/uc?id=1dNBCitbis0TUVzXFc-hggQm_xh1Z5YBD,unlabeled
https://drive.google.com/uc?id=1qnrEnu9qnUD7Vyx-1MCkcDopGAQP8U82,unlabeled
https://drive.google.com/uc?id=1EuSR5xVrRuFGCOO-r8oW73C0FYHfQnH4,unlabeled
https://drive.google.com/uc?id=1t2Y_f15Qpm7_P6TBwcstqUTE-NAXjE4G,unlabeled
https://drive.google.com/uc?id=1g0rLuo_cxcqy-MReKe75fSQ8UpNp5Xh3,unlabeled
https://drive.google.com/uc?id=1p-8O4dvFevjm2oQbBYJv22E33c9uUJwx,unlabeled
https://drive.google.com/uc?id=1qcdZ2n_VKB5ePDSO2SF2M_VM-yhLyd2O,unlabeled
https://drive.google.com/uc?id=152D-8CQkQAC-zmxiB2vkvtXjPbeYlXhy,unlabeled
https://drive.google.com/uc?id=12bSdvflDdzIY5IUP7xY-6xXGwiOlXVm-,unlabeled
https://drive.google.com/uc?id=15Y8H7Ueb00G7DgH3ipPqnqSYGPpsXTGg,unlabeled
https://drive.google.com/uc?id=13AyklKqJjGbqU5X2fkT9873JRfO1tFzI,unlabeled
https://drive.google.com/uc?id=1APJcTuN3jiMFLLnZ3O-VjTNpcR8ri7H8,unlabeled
https://drive.google.com/uc?id=1CgXFiMJrqcOUKW9fnXer4YqRws-xj2mi,unlabeled
https://drive.google.com/uc?id=152YQBy45fyI_1sumPD5-unspnhaf6Gxt,unlabeled
https://drive.google.com/uc?id=1Gywmpu4vbIRuhIZ6ynPxBdn0N4XsQu59,unlabeled
https://drive.google.com/uc?id=1ciGLy-C8-P9HEj54VfZdWHbP0wy3YsaX,unlabeled
https://drive.google.com/uc?id=1TQRtSxVa7RNE_RIelEQ-ZdEutnQTmdAm,unlabeled
https://drive.google.com/uc?id=1AApzL3Img-av812CTUkePkmguBpK_Em5,unlabeled
https://drive.google.com/uc?id=11qQCzuvk2C5uJ71wfc786nsAtGu8Idns,unlabeled
https://drive.google.com/uc?id=1b_nm6o-TKzqEfSHM9A5LuQWNR-a4EUSg,unlabeled
https://drive.google.com/uc?id=1apv3Wu5eP8ii2_ZguDGD48mwOGcjD5Q3,unlabeled
https://drive.google.com/uc?id=1by0p05B8XKYgLCPgU0juPpDEEOSYmGh2,unlabeled
https://drive.google.com/uc?id=15xAKLE71OQU7ODC60d0N3h1Vmd6DG-r7,unlabeled
https://drive.google.com/uc?id=1fy5eHHYIFaYs21O9JNrRSV3BGHl2V2Pa,unlabeled
https://drive.google.com/uc?id=1TZGMYSTHIyY-krAiXvAOG7e2weg0G-E8,unlabeled
https://drive.google.com/uc?id=1n5Dl6Gi0YxdvT-B8pLuVBJDFtBCN9_zk,unlabeled
https://drive.google.com/uc?id=17gguhs97TPkg41feI1tWD5n9LLL0WHrk,unlabeled
https://drive.google.com/uc?id=1lmtPBjcFFTFj7jy2GdzwhW89cDE4GV6e,unlabeled
https://drive.google.com/uc?id=1aiUGFHz5I8V7EMp9Lv8FZZ_HcT2iE6nC,unlabeled
https://drive.google.com/uc?id=1lgTFBIKbDt434WUTwpjbl-vqiVvPLFaj,unlabeled
https://drive.google.com/uc?id=1UYXDdsMlIqgyXsi2z7NTDGh7uITo2fzq,unlabeled
https://drive.google.com/uc?id=1Mz17b32-T5siM_GYfHhvve1ZDRiSSnc-,unlabeled
https://drive.google.com/uc?id=1PVTaJFHqtJmj0Jn5BvONXcLSxsyCKq-T,unlabeled
https://drive.google.com/uc?id=1Fp_YNvs5jUO8n_uHwizs24-uca5MsrDC,unlabeled
https://drive.google.com/uc?id=1wC24M7HVg2d1jItJjGjo4TPSME0T-LTR,unlabeled
https://drive.google.com/uc?id=15KptUduWkjEeQhH0_V8lOmF1TKgRZIoi,unlabeled
https://drive.google.com/uc?id=1mTU2r2EbE30-4Z_IOh_x3v5gh2GRyb1G,unlabeled
https://drive.google.com/uc?id=1V4CgZvA5eGNU0l7BiBt5Wmq9zd7lAKpY,unlabeled
https://drive.google.com/uc?id=1zogtIQ_XVFJMF3UNpC2uY0wLI6XSs3sr,unlabeled
https://drive.google.com/uc?id=1sj30b6f_ySbvJqcdLTQfDLtK2d48aDgA,unlabeled
https://drive.google.com/uc?id=1a6XxQZ79uhwb9AWrynab34ppEeyVM1rg,unlabeled
https://drive.google.com/uc?id=1iWyqaJVWRzBdLFH3YiPodJJkJZ_9T_vR,unlabeled
https://drive.google.com/uc?id=1PwgP0HPG5Em1t_fGoIPnWskE1kdIRnwK,unlabeled
https://drive.google.com/uc?id=1GtrEDLVZXRfpjw2kVFZXgqAEldPBzsm0,unlabeled
https://drive.google.com/uc?id=1nTe2I1YeCrgmQGbfOVKUkNjHx3_M-oRW,unlabeled
https://drive.google.com/uc?id=1duUbO_ZCtUJuc-1G_kzL7HnHUOGCuMwD,unlabeled
https://drive.google.com/uc?id=1TXW8RlK5RbxKN3CNgY_hh-fbV6S73Fd-,unlabeled
https://drive.google.com/uc?id=1st4zxvJSfMdq-jjwldXpzuv52yhEDyLY,unlabeled
https://drive.google.com/uc?id=1Y55bzUCxtOwz24Vq4XZxMvtVv6WYWr66,unlabeled
https://drive.google.com/uc?id=14N4p_n90mQoQrVGId49mf02bGsn8XQ5g,unlabeled
https://drive.google.com/uc?id=1RFlGSBdXgaFVHyK1ZPXxk_68t88jx9T6,unlabeled
https://drive.google.com/uc?id=1c9_p2ZABiBr5vbw7SBtfsYUca3T4GLHk,unlabeled
https://drive.google.com/uc?id=18occMxz1Mb-XKzASWt17_5ZTz6tBvrpu,unlabeled
https://drive.google.com/uc?id=1xz0jRIQPxUQlm1JzoHTbcZTlnc9RkuBq,unlabeled
https://drive.google.com/uc?id=14ww6kR5ca1quGGppYVd-nrzGvJuOJqLn,unlabeled
https://drive.google.com/uc?id=1bsE0pewx9_vYXi2ApjjCU8i3VI_3xRpQ,unlabeled
https://drive.google.com/uc?id=1pytuXD5kRX6x1yqEfkVIBkweRp74xWpF,unlabeled
https://drive.google.com/uc?id=1X_TIKLFzfuNxptoGh5Ic4zikxvzrV1jx,unlabeled
https://drive.google.com/uc?id=1fE8ZQ4_saPA6mfqWWQdba_HEgup8Cvct,unlabeled
https://drive.google.com/uc?id=1JKM1a0vvhsjODSZfzKG-7Lrf3HXASPG1,unlabeled
https://drive.google.com/uc?id=1NoQkPH4KFbsKrfA6Nb-QLSZSYTOvl6qO,unlabeled
https://drive.google.com/uc?id=1JwcGjjPU-InrWwIcYHGfn0grOH-qFpfV,unlabeled
https://drive.google.com/uc?id=1A300ANDLjJ_YMo1Dct_JNt20XQKforwY,unlabeled
https://drive.google.com/uc?id=1yghWyj3hVhf9L-UXMofDo0O6yPI0AXOU,unlabeled
https://drive.google.com/uc?id=17aFXF08QVLPpo3RTYp20ps9LnmgZV1rq,unlabeled
https://drive.google.com/uc?id=16Oj-giGHnMmvMmlh6D03AqIYW2t91SDe,unlabeled
https://drive.google.com/uc?id=1_Oc3hqY6G4kycsxWi2fyNzTtkhPvRWRf,unlabeled
https://drive.google.com/uc?id=17plfqtYMk9BEV1ULVEXlf1QlXPhX52_m,unlabeled
https://drive.google.com/uc?id=11vh9yI7nC61oBE7BmV59w0la4tQPwvTh,unlabeled
https://drive.google.com/uc?id=10_W6M84SYyOakBu4i5aSdq4Sb0qmmYjm,unlabeled
https://drive.google.com/uc?id=1oSH-3mlC8s1-m-k9nbGje86gSPdG4g1-,unlabeled
https://drive.google.com/uc?id=1wSE0Z8l_K1Jm0a4NdsWCPJqm7oqMiJ6y,unlabeled
https://drive.google.com/uc?id=1x7yWDHCbBjZDEXOLwam9FszIDjD_zYFQ,unlabeled
https://drive.google.com/uc?id=1fqnzNOSeLrhxGKtWPjdlW0tzsDczU33j,unlabeled
https://drive.google.com/uc?id=10Jf9k_iCgHFBMDFWn-Sv5_5DcABexp23,unlabeled
https://drive.google.com/uc?id=1uqH_2G5DOruUrX4DXmDqM5dTpM_2Tit9,unlabeled
https://drive.google.com/uc?id=1U_1Qmmt1Kx6gjg3W1XuMfZLA0v54lDKH,unlabeled
https://drive.google.com/uc?id=17_Anq6ekEh9SHbPK0xEMWbUpH3MsBSpm,unlabeled
https://drive.google.com/uc?id=1uRp-0n7E8kKEeJdTbCJxsauNWQUHS8L8,unlabeled
https://drive.google.com/uc?id=1mRTCVBK_15EiAkg9agRo--HVKeBujfYs,unlabeled
https://drive.google.com/uc?id=14pGy1wK0kIeP7GvkoNVAHi0ttj_K7U4v,unlabeled
https://drive.google.com/uc?id=1QBtIe8T6iJfUL-Jx4WfkszQ8B-SewQDH,unlabeled
https://drive.google.com/uc?id=1CjrPO_3vEb5olwKDr3Q3jZXZTQRSFUrP,unlabeled
https://drive.google.com/uc?id=13PAhGbYY-JL_HHsVQnLyFUNdAlK3qpXE,unlabeled
https://drive.google.com/uc?id=1n9CrNLFqfIlZA8qW1H2HfKPuEezS82NP,unlabeled
https://drive.google.com/uc?id=17hSqyGdfipx7QsIGvuS_aTyv5KxG-N4u,unlabeled
https://drive.google.com/uc?id=1EemxG2HqLCqdEhE15SK_U0teVmEv25Hx,unlabeled
https://drive.google.com/uc?id=1OvTg23g8EoehoLLnm8en_T_aE9uLUkAs,unlabeled
https://drive.google.com/uc?id=1CqNBWPBaRj_Nf46v_FIDUPEGWdAHilnm,unlabeled
https://drive.google.com/uc?id=1nPl3KzW1yQjpN-4MpU_EnKUSEktzj81F,unlabeled
https://drive.google.com/uc?id=1PEndyehHrMjUsmfXviLyrgHrP7SfgJ1k,unlabeled
https://drive.google.com/uc?id=1mfvhFWBsjVczi_ZPgG68xqm5w2EWv7en,unlabeled
https://drive.google.com/uc?id=1GyB8sOvskIvdEjFddJ3Ux2kahawcwAbr,unlabeled
https://drive.google.com/uc?id=19g2RkrCD_guPnMsS-OtHTGAcTQcURRjE,unlabeled
https://drive.google.com/uc?id=1-PW3aJudXHwZISlThQmHT0NR-ulHNgq8,unlabeled
https://drive.google.com/uc?id=1qiYCWxEnKOK-6SbDfpq_X5z-gGt2qHlK,unlabeled
https://drive.google.com/uc?id=1887kkhDU8gOc05_SbuBoJYSc41D9zy2I,unlabeled
https://drive.google.com/uc?id=14ERWt7VgzC9tj7Ph_Vi6K_2aS2LAEo8o,unlabeled
https://drive.google.com/uc?id=1inzAtJV8JnEwB9TsxrFOuQCKY0vcTqk7,unlabeled
https://drive.google.com/uc?id=1qXDs0Vh06pZx6GnAfTO1f-qfT6RDjExT,unlabeled
https://drive.google.com/uc?id=1vzz1GYlR20jsedK0_CsCR8qzZY7oSpfp,unlabeled
https://drive.google.com/uc?id=1xTKvlQHWE__yeDTcINyEtGGsPCcVf1tK,unlabeled
https://drive.google.com/uc?id=1JuTWK-icZsun_ApB8qPaS0VfhdSUHK2d,unlabeled
https://drive.google.com/uc?id=1XkXmNJmmNVj5arVYbai99NyP-TC6XAEX,unlabeled
https://drive.google.com/uc?id=1QFDKFPfONuevq09xCaSI_ZSrkXFzL5Qp,unlabeled
https://drive.google.com/uc?id=1TR8EQtFLoPIrO4IXk6Ej1JIuLzLkhgcG,unlabeled
https://drive.google.com/uc?id=1aGrJHQhYFJsrnMVlAX1dCYbwc23Jcdas,unlabeled
https://drive.google.com/uc?id=123fl7ey41yTeJ-w2NcX6A_v5Iy_pFkaE,unlabeled
https://drive.google.com/uc?id=1l0tIHImCjdIuMv0fyQAFc6Pjg2RwBuGf,unlabeled
https://drive.google.com/uc?id=1glcT7TlwtnuB54mE5j85iJTPfSGp4C4p,unlabeled
https://drive.google.com/uc?id=1OS41LUyH3zg8c23prgPt7OUGFe_Gmsz2,unlabeled
https://drive.google.com/uc?id=1wDbcOqaOMdTXMEDKT8hylRr33i7os71t,unlabeled
https://drive.google.com/uc?id=14HpnRCKe8neI5f0czoaivIiEoDHOzhH7,unlabeled
https://drive.google.com/uc?id=190ECuigHbmGTrnXmMxnULJFd16QuHbWW,unlabeled
https://drive.google.com/uc?id=1Q412akhl51F15ipS4YnP3qc-MpUHVGcO,unlabeled
https://drive.google.com/uc?id=1gGobYcpE58xl-uQYNJ6f2T-AkM6fYCoE,unlabeled
https://drive.google.com/uc?id=1t5heT_rszUaEzInlj3jazQKw2HbU3r3e,unlabeled
https://drive.google.com/uc?id=1_DX5-cW2PyzxAZ08rsjNnsidaRnMJES8,unlabeled
https://drive.google.com/uc?id=1Qo8bgEW58ZBaSITyZLHEVxJUjfpG532u,unlabeled
https://drive.google.com/uc?id=1GDFwCXa80-gMnne9LWn7yZ36SQHO2aIl,unlabeled
https://drive.google.com/uc?id=1V8U_yOaHQFi6dRFVpm6yRXkm555Grg2j,unlabeled
https://drive.google.com/uc?id=14W1kM2XzShMXwAI--5R80A7cmumjOJRt,unlabeled
https://drive.google.com/uc?id=1ezsh5CbO_0cVLyRkM3eAyVtkZVnBiu7W,unlabeled
https://drive.google.com/uc?id=1A8QLJwMc1bBsd0viYlsix1p9obDn5I8l,unlabeled
https://drive.google.com/uc?id=1PMbHmli5Z9k13hONGmt3BflOqAJge9r9,unlabeled
https://drive.google.com/uc?id=1PTewHuutXGay1pYpAABD1H8SEfqs5OaQ,unlabeled
https://drive.google.com/uc?id=1MaYxGxOcMIVQpvyO2hqYeZPqtOYDeMNS,unlabeled
https://drive.google.com/uc?id=1_zIqLQ9w6QlNKtNFmTr2kMKDkmECYUtw,unlabeled
https://drive.google.com/uc?id=1vVWKTARupGWCyxt1Ev4X5mg_IEnPukfG,unlabeled
https://drive.google.com/uc?id=1cDRj11JLa3PrXt-_L-vm0iWIcVDuiQeE,unlabeled
https://drive.google.com/uc?id=17NSuZjrE8EJtERGqzzVcis3qGzyfZcsF,unlabeled
https://drive.google.com/uc?id=13cSvu-zvo6cgAt3Gmj1MUQFJJ090pQdY,unlabeled
https://drive.google.com/uc?id=1ejDw6kUEbr8wChheD4ZXQtMr_VmJR0Ib,unlabeled
https://drive.google.com/uc?id=1YDm24DyCSOPrRYLoE5mb-s66HFOS6X6l,unlabeled
https://drive.google.com/uc?id=1vGLu_q3IHZOIS_3trF_Gj3nhqQ16UpAq,unlabeled
https://drive.google.com/uc?id=1TGobqm4qLO_13_2Newxy7Q3EPKxcBgBK,unlabeled
https://drive.google.com/uc?id=1MIyL9z0nLGgizPWApRHJRB8455Cu81NL,unlabeled
https://drive.google.com/uc?id=1QpyF2v0zMBFrlEjjmyUjkEET6NysEazw,unlabeled
https://drive.google.com/uc?id=11XHvBOiPZaN8LyD3MK6V2GlB1Yj0AEvV,unlabeled
https://drive.google.com/uc?id=1CjFnFm3ZNeNoZ4q2uk5gPQghOWCD8BvJ,unlabeled
https://drive.google.com/uc?id=1mHdhHvCWu6vKKZ-iNSO26hJG3hhHew39,unlabeled
https://drive.google.com/uc?id=1T-itL8GFo4rpCKlLjB0HzMuuRTnajBdK,unlabeled
https://drive.google.com/uc?id=1PAAPXczuZylCNGY-Pz5WYrJh51DaWNgd,unlabeled
https://drive.google.com/uc?id=1Ick5yS__TS_S25rIHiwriEyXhzADrXfQ,unlabeled
https://drive.google.com/uc?id=1y46_qU_h1dOhbRcixfeXM85CYBx5PfUS,unlabeled
https://drive.google.com/uc?id=1t4T3MsYzyL3J8gcX8_ZQqFKs5WJqTSqQ,unlabeled
https://drive.google.com/uc?id=1_olCZPEKe9iGlKVokYYK8VNDWcobnHfW,unlabeled
https://drive.google.com/uc?id=1b7A5bxhChOUaAdOunAzGUrYLnQz9Zb4L,unlabeled
https://drive.google.com/uc?id=1VWUNsDWwD7gTF40qY8Tc3s5rXXFXgIty,unlabeled
https://drive.google.com/uc?id=197PN94nlj-m6cI-BSdYweRkj6quG5KoE,unlabeled
https://drive.google.com/uc?id=1TLuTn_WY5RUuZ_Idow5-RXpo0uR0c0jI,unlabeled
https://drive.google.com/uc?id=1TSePSJJ-k3oN_8OkFEO0haC1XZvVQb9V,unlabeled
https://drive.google.com/uc?id=1oRPyuVHnBjX51P0kjvsvE8MfCVIKuaQi,unlabeled
https://drive.google.com/uc?id=1Zf8A7BvhZLibjCdGrdm6ZD_1V0LTw2rX,unlabeled
https://drive.google.com/uc?id=1Ht_CoxHjxjI6P1EamPYLiQso93SED9k7,unlabeled
https://drive.google.com/uc?id=1-jU3wFNXBULUDA4wmGOgY0WDSBUIJfJI,unlabeled
https://drive.google.com/uc?id=1BTWKS-YYBc1k-qdwE9T5OaB4jPs8ir0D,unlabeled
https://drive.google.com/uc?id=1Uu6gmpKQhH7EC253c8u_moqgdxRpB0PI,unlabeled
https://drive.google.com/uc?id=1PoAabPU929YKryzIalcytZLQVb1B8f4b,unlabeled
https://drive.google.com/uc?id=1TrFNskAY_fRG2xhONMF3czob1-D7rWan,unlabeled
https://drive.google.com/uc?id=1v4-i6Hwq8PtgrYAuzgP5vnZeOgoYqwNj,unlabeled
https://drive.google.com/uc?id=11GzqFkIGNM1juLxtchTk_lkP9TS1vN0C,unlabeled
https://drive.google.com/uc?id=1XlMqBny_8tvlnZWplRjm5b8i1BRbT6Mh,unlabeled
https://drive.google.com/uc?id=1cgBf907tHhwAOTxUo0PAEBMBkBRgPduL,unlabeled
https://drive.google.com/uc?id=15L-o4IUZ3T5mpvX3w2PoKLjrBQYI-0lk,unlabeled
https://drive.google.com/uc?id=19rGtHpBhy7_Dt4wB6lLI4mT5t8YuJUo4,unlabeled
https://drive.google.com/uc?id=1OmGYzIZhqFWiZDHMMfZA68xOTmjzDUwP,unlabeled
https://drive.google.com/uc?id=1ry1Cg4hlp5DfelHg8_Q6H8NXDAlRBOGJ,unlabeled
https://drive.google.com/uc?id=15jlLwB2USwpMJSoCxshQfMkkUAE11ihb,unlabeled
https://drive.google.com/uc?id=1cYAIgkZVZrvlQ-gXo-nM7Dc7nB3DdGQw,unlabeled
https://drive.google.com/uc?id=1VbwX2RBEek4Rb8P6VCLCZ2-hR-eu0rZM,unlabeled
https://drive.google.com/uc?id=1rH2MFjl-LpK6fexOhU6ZikQwQQBXFzr3,unlabeled
https://drive.google.com/uc?id=14Uveq-K_hwy_p-HQRVSecwwDzYhaFmwC,unlabeled
https://drive.google.com/uc?id=1yirJJnhk8_0J_wOu_vwEg8j4DT9wBTgh,unlabeled
https://drive.google.com/uc?id=1av8xOOZrJM0bZ61arZ4-TrFAA049BJgy,unlabeled
https://drive.google.com/uc?id=1VXC5Us4HQRKG_8owaA-wwSuQTheObYjc,unlabeled
https://drive.google.com/uc?id=1awCBI-ch1YQoCBZyMUEMiHQUVYmVn-rS,unlabeled
https://drive.google.com/uc?id=1jBQz99E5qP6jz0DDVxylyFaNYUqOo2wA,unlabeled
https://drive.google.com/uc?id=1Ekk47Jgb0Jqp9VgdZlb6b_aB3B5b2P2V,unlabeled
https://drive.google.com/uc?id=11AkzqIagl7p97AB72c_CIjz5SVLT4TW8,unlabeled
https://drive.google.com/uc?id=1TBWAbv2fLgCoq4G2UmMjmCpd041T72no,unlabeled
https://drive.google.com/uc?id=1RyJXiTjm-Pwr5XQx5mHUZssosdyIh3pl,unlabeled
https://drive.google.com/uc?id=1tenowmBOhF6F7GIUu99Ca1dPV9T4yI4D,unlabeled
https://drive.google.com/uc?id=1vSdoxwEVj3-p1riyxdGSGv9IENiXg4ex,unlabeled
https://drive.google.com/uc?id=1EzmttGV7gEhG9wR13AgRdbNQkEPdKRhs,unlabeled
https://drive.google.com/uc?id=1Cwi_Mjx-lruWlDSDcEI2mFcw0DZoCJfo,unlabeled
https://drive.google.com/uc?id=1aQ_qasbwj59WPEgHGEHZvazZ5NpZq5I9,unlabeled
https://drive.google.com/uc?id=11Oq6X_uM6PD6G8791U_KuETIPU41YEVS,unlabeled
https://drive.google.com/uc?id=1BsaXWE1JB2gTrVypazeuo7nLiDzg6STi,unlabeled
https://drive.google.com/uc?id=1qTrf2O5UO9hyTvXQ2KomTOhTGFZjlBjM,unlabeled
https://drive.google.com/uc?id=1f6jJ0sil6_tzo-TPX76eIe23xBb2jP1Y,unlabeled
https://drive.google.com/uc?id=1PiUtMfWKN4ZsGuqIAkBr71-_HaXurqZ6,unlabeled
https://drive.google.com/uc?id=1_DExHsX_bhzXjB2fsja5c51QdoezbZdr,unlabeled
https://drive.google.com/uc?id=1oOs-1aJAqK5_sThI4HwISrvC60kPmhS8,unlabeled
https://drive.google.com/uc?id=1lvF-cTL3TTWSR0_cA0wGCmGIujOs2CHb,unlabeled
https://drive.google.com/uc?id=1X0tE4KaZyxZfvWTvrd0XhqzsEcCaVywr,unlabeled
https://drive.google.com/uc?id=18JkLRPAy82cvYrrD0NpmbX0dQFGPgFWg,unlabeled
https://drive.google.com/uc?id=1xZhxiE9BU3jwYlzB72Dn-48kweqCHuK5,unlabeled
https://drive.google.com/uc?id=1RsZ_dKNzt0GKEeTI0a-q1fBMQP7fZW4_,unlabeled
https://drive.google.com/uc?id=1Mb-Q6Y0f4GMglzw1mTQ4CFe4NaK70r4T,unlabeled
https://drive.google.com/uc?id=1Up--OhUuJyRCWfTcYhTyx8oi36rpAoxI,unlabeled
https://drive.google.com/uc?id=1IPMB-P1-h_23FXnsPBexyntwmz3SeZG6,unlabeled
https://drive.google.com/uc?id=1Ws5_UuM5osUW3ICe2yjgp2XimlsCczL3,unlabeled
https://drive.google.com/uc?id=1fKEhwX93sPkenKXicjAlrnhWsmyhaArf,unlabeled
https://drive.google.com/uc?id=1ejDJ8U7YcDj1MKeYIAW8MCZx5jAQ89V-,unlabeled
https://drive.google.com/uc?id=17MxXaDzV22bJYOya7Tu2TpqSab1rrdaR,unlabeled
https://drive.google.com/uc?id=1ltk5beyEO3w5J9Ko03uthBF6ehBmnqkk,unlabeled
https://drive.google.com/uc?id=15vtTPkVhC34ZskEVu3Sm_hh90Q4NhKhR,unlabeled
https://drive.google.com/uc?id=1GUGGfMjf9JyA-oZwD19ublDWbLphiLBA,unlabeled
https://drive.google.com/uc?id=189q1B0JqoPG7J-Z9XM47yqaF01Y0-oLu,unlabeled
https://drive.google.com/uc?id=1S9Jn4Gfm1TfuNQiM4sMJhbth4qGnJ6w1,unlabeled
https://drive.google.com/uc?id=1prC-OLi8lnvZk_FWOjNOScpCB5ctMhbk,unlabeled
https://drive.google.com/uc?id=1qFpxZmBOqqu4sebcdaTJ3a-4gWIvyE0a,unlabeled
https://drive.google.com/uc?id=1nllChg24o0DGYg3HokXIUwoAiYGmlAz3,unlabeled
https://drive.google.com/uc?id=19TK-qC7KGQOp-mZPWqoF1QLt540L8lZ9,unlabeled
https://drive.google.com/uc?id=1Ofnog7Zog9TQFjDV3bRBtgt_xdJfR8ed,unlabeled
https://drive.google.com/uc?id=1cv7pbvZNbG016qTeJixx6_u7s7Tk_6ad,unlabeled
https://drive.google.com/uc?id=1fjo4Ce7CAiDO8dt42N-qkrUkpz8yKALy,unlabeled
https://drive.google.com/uc?id=1wakNrxQBUbUha0Z0ru_RX4KaK03n2JhY,unlabeled
https://drive.google.com/uc?id=1oGRsB67a9yhqTrZ8zWiTovNmAydg9z0_,unlabeled
https://drive.google.com/uc?id=1sW1s60h8H0ItzSNqMnGOFgp2RiUdmXnl,unlabeled
https://drive.google.com/uc?id=1dxSqYD4C1cxX6tfUDVkgAOEoGZxeqypz,unlabeled
https://drive.google.com/uc?id=1-gnLfaYusyasz4iYUmxZb7hP6yAy6Bk7,unlabeled
https://drive.google.com/uc?id=1QFz_bPzSEp6TbiC0Hi5L239dV8jDad5x,unlabeled
https://drive.google.com/uc?id=1yd2IQUHcEGTxPEqncmeb0d9fkEJMz5eN,unlabeled
https://drive.google.com/uc?id=1Jx3lUTk8QQPey9yGQoPiTaeVdI3o4SP0,unlabeled
https://drive.google.com/uc?id=1ZkoIcDQNf7FjyDy8vCO5Kwxguk3nM7ah,unlabeled
https://drive.google.com/uc?id=1IIIKjan-ah-w2iiFziwF0i7sYPnVDijZ,unlabeled
https://drive.google.com/uc?id=18sT_o9qb1jnvmadspqGg0jo1DZ4_cGYX,unlabeled
https://drive.google.com/uc?id=1kiFSmyMwQdz5XbIqEYBM4c2A9eXC_kX6,unlabeled
https://drive.google.com/uc?id=1VZyStEdtY8OapHQqXDgWSgMNR-cZaA-M,unlabeled
https://drive.google.com/uc?id=1UrBs7NB0soboDcBrlGUVSsJepyxUFDCl,unlabeled
https://drive.google.com/uc?id=1zs7Vyu9_thAuvAf4tAuG6BXtvbpteBSW,unlabeled
https://drive.google.com/uc?id=1AGflyIcNdgz--r92rfElgvCL4OLzg0Ke,unlabeled
https://drive.google.com/uc?id=1ez7KwYtdq9SddT1GU9PITlKoKEuBeuPV,unlabeled
https://drive.google.com/uc?id=1Qe9mhTMZSk4fzOjHF3UpyQPX_Xq7RYUv,unlabeled
https://drive.google.com/uc?id=1rz5yWp4NriES9BSyrf_tVo09jFXLkFXs,unlabeled
https://drive.google.com/uc?id=1amHHIEmz7Cn7t97fs0oss36B0e44c6qh,unlabeled
https://drive.google.com/uc?id=10MxSAF_Thot3df4O_hbPMliilnzwCSxQ,unlabeled
https://drive.google.com/uc?id=1Dud1a405ybGQdQWVXa6pXLRTZTUqp_Wq,unlabeled
https://drive.google.com/uc?id=10Dz1albbQ_1SiOb4jjq5nPJtRupOYHNV,unlabeled
https://drive.google.com/uc?id=1Qhp2BXmOigHY8VNmJGC4PppzhY5oqRLa,unlabeled
https://drive.google.com/uc?id=1fmJfGW612uVtPcmPthiqzfHGwDUbwYdi,unlabeled
https://drive.google.com/uc?id=1yOE5X_YiKcQsEh-o6_4iBq5wRVz5zwu9,unlabeled
https://drive.google.com/uc?id=1V9rBMhTsB-HrlXay_ELbU1PJL5mzQIEl,unlabeled
https://drive.google.com/uc?id=1ezXK6qjW8u0sjgm2cAZOcYSIksTN8z1C,unlabeled
https://drive.google.com/uc?id=17oCQWQwtXRqeLsR3TladoKrSD3dJD2jW,unlabeled
https://drive.google.com/uc?id=1CJLvcgg6TafcRIMW7dOqUjGeQmxLwqhq,unlabeled
https://drive.google.com/uc?id=115Xi_fxHATO78M_b4srYoqfT-zwdMW4n,unlabeled
https://drive.google.com/uc?id=1a7BzYdsEoOwVKSiHl13U9n9f31kwcxgw,unlabeled
https://drive.google.com/uc?id=1N4Sfbubw-mLv6HCK_y50Xgkw5mmULQgo,unlabeled
https://drive.google.com/uc?id=1oTNGbnztVKgurc0l80R13XkgqxPxn76w,unlabeled
https://drive.google.com/uc?id=1Mh6Wjh-RWr9nP9e6Xg-9ZBXBDcCRwL6t,unlabeled
https://drive.google.com/uc?id=1fwZQj82FFDlNEUcxsu31gyL21C2J5sYv,unlabeled
https://drive.google.com/uc?id=18jLU1tzl50DW5ghCb2rfNP3kkD5EjDcJ,unlabeled
https://drive.google.com/uc?id=1c2My1XKqdF-m1qTP8gq2aLc_wQmnxooC,unlabeled
https://drive.google.com/uc?id=10xHGaZZOtvr7NF5690Dy3TR6XOlQZjqw,unlabeled
https://drive.google.com/uc?id=1rTUcmWh5JnM60U9FGcFWbFPSKA2bI-pb,unlabeled
https://drive.google.com/uc?id=1qhuXp8fBcgEDGZsjtaCK0lBpQEF5jArK,unlabeled
https://drive.google.com/uc?id=16in55lb65-uqwoSSnB5KLfJWxq-p1UUc,unlabeled
https://drive.google.com/uc?id=1PJaCBLNA3gaFQPbh9ieC8gS3BD4gMtCf,unlabeled
https://drive.google.com/uc?id=1OHxyyIREaKtrYcfOKwsa8R4n-6KOEWV9,unlabeled
https://drive.google.com/uc?id=1ni8A-97hVXUFgkqsnqJlKngV3U87HtrU,unlabeled
https://drive.google.com/uc?id=13yNFKj0Ri7u_VALYjl45TEamaJb3jkgd,unlabeled
https://drive.google.com/uc?id=1oXe03sBPT_dop-HrjfQFPWVoBS7rM2pF,unlabeled
https://drive.google.com/uc?id=1Q6wdwvwtYC8r3TYTpiEihXGknqXl5cl2,unlabeled
https://drive.google.com/uc?id=1dyIsFiAyjRuE2mujadetEW0qQRmn8Osb,unlabeled
https://drive.google.com/uc?id=10WSoaDNtM7KOodDaas1iH2RzDrjEdMnp,unlabeled
https://drive.google.com/uc?id=1n_BaWa8ePckNmPRTOmVLUr2MtQx6UFjk,unlabeled
https://drive.google.com/uc?id=1IQqCwzyV3mh6jBZMagqxUy66QKuwxMAf,unlabeled
https://drive.google.com/uc?id=194ehtxrktn1RW3UiSRc1E6C7M4cCEcSx,unlabeled
https://drive.google.com/uc?id=1xBcQkNjHgNuod7x4cCd6iQbH4D8QKvOG,unlabeled
https://drive.google.com/uc?id=1Eq6fDpGYanoClXQff7VzGaN5_hNGvJ-S,unlabeled
https://drive.google.com/uc?id=11F54_Hr4l2fOGn-FH_cR72ZRb2M9mhFd,unlabeled
https://drive.google.com/uc?id=1EiIAm5CE9BKxq24YeyQo1sJWP07_guD0,unlabeled
https://drive.google.com/uc?id=1nNyBHw9tiQ_uUPPYzATyMMAbyQiyDavQ,unlabeled
https://drive.google.com/uc?id=1_rzEtnYUbvT6NysRxWdu8qmxHHU6TiA5,unlabeled
https://drive.google.com/uc?id=119Norvt-tfXk9Fy0FsuUgrFLnR2aVn7F,unlabeled
https://drive.google.com/uc?id=14cUn5LRr3kUA8t7l47zkvQP4gzoWOlBc,unlabeled
https://drive.google.com/uc?id=1yCOj9HTin4hlCYsYscUAwpAFtRoXj2Z1,unlabeled
https://drive.google.com/uc?id=16p5X7aBESRNOy_Ph6iIS8SaX5D35Mrpu,unlabeled
https://drive.google.com/uc?id=10m_sZQWPypqV8e8Y9Qii7x8yu5mv_ISn,unlabeled
https://drive.google.com/uc?id=1DmP-Ok7TIxcZw_OGGy7w_iPeS3r3-hLH,unlabeled
https://drive.google.com/uc?id=1Y69ToF4tvRyVkGFUM-Vx846QixXlSEvW,unlabeled
https://drive.google.com/uc?id=1RQWcXGcNMEI41y6aBUYCCIMr3zmN1AUj,unlabeled
https://drive.google.com/uc?id=13GtCe4w7frj60h1DTDQ0iiAW90YOW9bz,unlabeled
https://drive.google.com/uc?id=1vrF86EmiddVoQbe9mO7qixUMP-cdTtIx,unlabeled
https://drive.google.com/uc?id=1RBqzEe5gYBBx49bCkqrrpceYuOJ_Y2kZ,unlabeled
https://drive.google.com/uc?id=1l7-NIOW4U26OllAsKyIWIuXcQAhRBWxn,unlabeled
https://drive.google.com/uc?id=1yNv-oZsl8v-4qKmyvDQ0dOmpTnZmrJg_,unlabeled
https://drive.google.com/uc?id=1cL_Hlnj8BWPoLEU6_aHwwIZ9pRay1oJM,unlabeled
https://drive.google.com/uc?id=1ydaoQXAtiq8gh1uHySAF9eK1s-DbfyZX,unlabeled
https://drive.google.com/uc?id=1pYnIfOMZ5IsJdIW53o6Cycc4R0x8Mkdy,unlabeled
https://drive.google.com/uc?id=1Pc9_HgtEKr_-Y2_V5af-masx4iooyREW,unlabeled
https://drive.google.com/uc?id=1ul1CCEglJhJRi-zgR8WfU1x5-dFyLcPG,unlabeled
https://drive.google.com/uc?id=1IJQMXwm5Evz9l_3ksTVNPpHrxcw8_gV5,unlabeled
https://drive.google.com/uc?id=1rVSCx2Bt6etY4aoe7iUbJYoVkoPKvsib,unlabeled
https://drive.google.com/uc?id=1_n0dSDSLpa80DB2HpKs3G5dPBmWjf8Zr,unlabeled
https://drive.google.com/uc?id=1kuPC0NAG4SaG3KqOz1eKqTZNKBpiAwi_,unlabeled
https://drive.google.com/uc?id=1lq0uGclMzP696BZcjHI3rrhVzIlR4E3d,unlabeled
https://drive.google.com/uc?id=1-2ej-yg5V_qtscG4yXwMuRM4F0nOmKMa,unlabeled
https://drive.google.com/uc?id=1apDWHpalY1Y0l49_mQKgbAXfGYvOUTra,unlabeled
https://drive.google.com/uc?id=19mVokJCYVUiC5uAMghQK4ZX26Ss_835L,unlabeled
https://drive.google.com/uc?id=1F6BR3xIPUvQfEo64lQCIFa9B0h4JH9tM,unlabeled
https://drive.google.com/uc?id=1cpLs3xnFFdPRw_0OWGPLd_AicJt9Jr0t,unlabeled
https://drive.google.com/uc?id=1-fl2dmJIaRbR-nckL0j6FSg2mpDUbb12,unlabeled
https://drive.google.com/uc?id=1_hN_-WNyckZhX2ak85m0nPiqZWQjQA1t,unlabeled
https://drive.google.com/uc?id=1d44KejJjLPHELK3_eV1CcoiIVLw-I9nV,unlabeled
https://drive.google.com/uc?id=1lmyxOfUmHRL4qZN1GHMAyIclPzzLfOC9,unlabeled
https://drive.google.com/uc?id=14S_sBlnHFISboAAB1pqrocc5FB2s5TJF,unlabeled
https://drive.google.com/uc?id=1H1zNVOoLNNijA1wG38M0fVaBk8XW1aSQ,unlabeled
https://drive.google.com/uc?id=1W0tMYqQqHYm4TiFt6il6e49NaYkzd--Y,unlabeled
https://drive.google.com/uc?id=1hK7UOcP_zoO9XOgzejlr0gKkiHcsRRTC,unlabeled
https://drive.google.com/uc?id=1QG2Z7ICjeoP1POz1NzJ5v1hDoM7Y-bh5,unlabeled
https://drive.google.com/uc?id=1iXHmUeTUJKvGJdJ7QIelhDGZRWA8qrnY,unlabeled
https://drive.google.com/uc?id=1l0RQqlxt7-cuqMdmmXlS8Y6LI0iEApqw,unlabeled
https://drive.google.com/uc?id=1y7fV-Rc9iuSJFq0aUu9Wsmu7nJh_CguJ,unlabeled
https://drive.google.com/uc?id=1910tIV_bEbIpIUj3kmKEme0Cet6ca5KU,unlabeled
https://drive.google.com/uc?id=1pjd1HwMR4q7wz8b3Uw1K1gQSq29ttfL5,unlabeled
https://drive.google.com/uc?id=1SK9CjBBg3Oj2rTUw4cLq6-xA6PjeiaU6,unlabeled
https://drive.google.com/uc?id=1Wcgfkjh_tHy6bXGYAh9Fsi9YRQPqYrNg,unlabeled
https://drive.google.com/uc?id=1nQSWiaPGIv7K0Wlb0uzPViImID5s1aco,unlabeled
https://drive.google.com/uc?id=1i7dTNo7AkIcx3hHTLYFomRECDVtafVFD,unlabeled
https://drive.google.com/uc?id=13cbhFTdKOU-j8YBhn8zXjS3OAlNYx74x,unlabeled
https://drive.google.com/uc?id=1yTXWlxHN7Xw4vJSIKdOlAswkmwT-Uefe,unlabeled
https://drive.google.com/uc?id=1jRC21Nl_fuIf-FyAm0LyFYLry_bFpjvt,unlabeled
https://drive.google.com/uc?id=1cWpqhHQHuxtTdaThgDJmxdaRyNN9in3-,unlabeled
https://drive.google.com/uc?id=1BfMbrMT1W7Tf1SwO0czFYnB2gm81LlZb,unlabeled
https://drive.google.com/uc?id=1MeanOxDNlOdFvAQjDnKxMGFD9jI1emgC,unlabeled
https://drive.google.com/uc?id=1q9JZcQF9RJScrAuFnvfHlDiFO2gxtVEN,unlabeled
https://drive.google.com/uc?id=1Aw7H6v4cQBqf-KyPkjEklnfNAY72oC48,unlabeled
https://drive.google.com/uc?id=1f4-kXUjBssi0AcVvRwIvz9BmEsry_-wN,unlabeled
https://drive.google.com/uc?id=1gJ39Yy0CrzRUqcTZDqsQlmzAqwE-Z6vO,unlabeled
https://drive.google.com/uc?id=10SJAFM9147O9FZVc8-tMsHBtP6xzCgpj,unlabeled
https://drive.google.com/uc?id=1STo4UsnHQWH9tklimOxREO89oDbXGO_R,unlabeled
https://drive.google.com/uc?id=1eAowbjSeYKIh_NkrRJjTLqsLdMDkXwhC,unlabeled
https://drive.google.com/uc?id=1evc5XcJMzQA_kOEoYd2UKjVE49E2x_ji,unlabeled
https://drive.google.com/uc?id=1EiNHkuApImRcD6ELIbQGBOqb5Q4r0Uu7,unlabeled
https://drive.google.com/uc?id=1BRODsFo76n8Mie79rfFJH2fLw8NIMFDu,unlabeled
https://drive.google.com/uc?id=19nUeVsfFwP_V08UMQK-HFmi1_QbUUkAu,unlabeled
https://drive.google.com/uc?id=1dBN3Eb-IFvV0DHi7-5xiXAOvFaOXexrZ,unlabeled
https://drive.google.com/uc?id=1BhpemTciJldu2iyXeInQoJ82AQvazs3n,unlabeled
https://drive.google.com/uc?id=1zpKr93B4V__ydJtp3ct0q5hwV9qpDIN9,unlabeled
https://drive.google.com/uc?id=1EiCye9I3UPTZ2EN2qUbZr9k-ms8Cpcjg,unlabeled
https://drive.google.com/uc?id=13UuVk_4lOKN2ywS1GSKM1WwQrBfUTIvS,unlabeled
https://drive.google.com/uc?id=1cbBf70Yr4YqsP-jIqYaglp-M_GuM_S6G,unlabeled
https://drive.google.com/uc?id=1uXNexoDTNGzhHRj3WBbyqFMwZonFALMV,unlabeled
https://drive.google.com/uc?id=14xHzE1CVXDHC5azxnoZveexFR_DkPqo0,unlabeled
https://drive.google.com/uc?id=1_RCIJkA-R8dT6xXcKPsk1riDIBTIbG6P,unlabeled
https://drive.google.com/uc?id=1xie_kAIyAa38NxlWj5iAabqQH9VNXn-x,unlabeled
https://drive.google.com/uc?id=1bmOvd3oac93lEd_LbTu8uW0FAFY13d-A,unlabeled
https://drive.google.com/uc?id=1vcWdRW9ztW-qAaWY7OeZR86N_3J5A3sw,unlabeled
https://drive.google.com/uc?id=1T5YcKSoqOltEgWlha2BZ9RzBVPtVZ1mD,unlabeled
https://drive.google.com/uc?id=1SEi44Meuo7aBW5fP_-mAUhji1cJQ7apW,unlabeled
https://drive.google.com/uc?id=1-5nmcaeX0XRNR0ULau-a4_O2XDbJOTxq,unlabeled
https://drive.google.com/uc?id=1ZLIE1BePzV9Mjw4tPee29MvYV4H0wR5n,unlabeled
https://drive.google.com/uc?id=1JIKoYU0Nk1YM1UvhO9aPWaghIGQKhgf_,unlabeled
https://drive.google.com/uc?id=1gxnoYubOcpmatWI1FX6xFMGIozojZAxk,unlabeled
https://drive.google.com/uc?id=1R-Nk2eIci0TwpYHcdz7PRm0KlY3o79Aw,unlabeled
https://drive.google.com/uc?id=1cKcuNrTh4_p151BapwtF162QsILE8XPW,unlabeled
https://drive.google.com/uc?id=1kDuPMxgTYeKEKcq6MskvJVLtWAo0rrmR,unlabeled
https://drive.google.com/uc?id=1CChrHN6watHLcr_yVpUl7KSsnkA7kaDv,unlabeled
https://drive.google.com/uc?id=1E7Nc43bTvuEKrm7oIHuftHQ3S7lZrj1z,unlabeled
https://drive.google.com/uc?id=17WR_3qySfCBzuAoEP_sLw3iLxGe284pd,unlabeled
https://drive.google.com/uc?id=1AoPAPE2DhnUkrXEFr2psXE7nqCt9wGEj,unlabeled
https://drive.google.com/uc?id=1i2TlAJAKUVmEnVAENWI_zwV-vJVp0S_2,unlabeled
https://drive.google.com/uc?id=1ZU9WgpSc30svyckatSeaNEvAzw-bUG3n,unlabeled
https://drive.google.com/uc?id=1F1GDJ8Gp02IzLAU9SsnZNE5mFWod2vnK,unlabeled
https://drive.google.com/uc?id=1A2aUY0iKbWOoP0d5t1DFRZ9LGaYp0Fvq,unlabeled
https://drive.google.com/uc?id=1EAFIRf3u3Tn8rltGmDgaO51LusWOucKe,unlabeled
https://drive.google.com/uc?id=1MifPq6s46OIXfmEAlmhx5YKR7NtpN_2T,unlabeled
https://drive.google.com/uc?id=1584uqO8wIMft34K5sDimh1-avjimieDP,unlabeled
https://drive.google.com/uc?id=12eB-Pa5yByCZn2rzRT7N8zwk4VBJJBcO,unlabeled
https://drive.google.com/uc?id=1gcE6zLwVIyg8sT7w313UMWmbujbvxiCV,unlabeled
https://drive.google.com/uc?id=14THIsYjn6I_oPhx5DUAutsSvGw1A1Tx9,unlabeled
https://drive.google.com/uc?id=1rTUQE8COGNigmDHrVTdCr9qBkcKGzrQg,unlabeled
https://drive.google.com/uc?id=13ccTxszLnm-sS9Hdo-XGAHjKIPZ_oOQN,unlabeled
https://drive.google.com/uc?id=1g9sfyFER8w4uPAs_WYi8YWy4ju9X1X6L,unlabeled
https://drive.google.com/uc?id=19Dk_t3fgdYnnV7IIXjjsxJqf9VQHOh5y,unlabeled
https://drive.google.com/uc?id=1j6LshTq0CBNMIXwXvuMWf1Zjices3rsd,unlabeled
https://drive.google.com/uc?id=1t5_6dupjHc6g0xa0LOCAKY0Q-jwVhcm5,unlabeled
https://drive.google.com/uc?id=1DhteHOG32RQ05LAVmRTHoA6Sx0lJ5T8V,unlabeled
https://drive.google.com/uc?id=1v1e4r0cXl0-AXPIFOhmrc0w-rhi2ZQS2,unlabeled
https://drive.google.com/uc?id=1dkVi71CUYCVbysQcGcqF3doBVRhIdU80,unlabeled
https://drive.google.com/uc?id=1XQeR-itbLdT_HuaW6kvfqpx9pbj-2SkC,unlabeled
https://drive.google.com/uc?id=10jSNhhPFW1Q4-WXUkqGY6dy8T2gwnMyo,unlabeled
https://drive.google.com/uc?id=1wQ_1mNanrXI4-1WaQRDwArp7A9fk3IFG,unlabeled
https://drive.google.com/uc?id=1TLEGBwi3bWwAhvmDMfyZxOZS8kkJRaVJ,unlabeled
https://drive.google.com/uc?id=1LmGPeUZwLxwcD3-RkUjtodFwaxV0cwih,unlabeled
https://drive.google.com/uc?id=1cuW-NDjzMjG5jQSVA55nZAz5Ry3PjgRs,unlabeled
https://drive.google.com/uc?id=1EN-Rt1ll_1QpnJeIvm4LXaLog6pAzdQ-,unlabeled
https://drive.google.com/uc?id=1x-ih6YWwbXKl18lvzj4E81Y03TkJIgQ5,unlabeled
https://drive.google.com/uc?id=1CCosqaM0m079zFvsY0PDsK-1tblmAkYN,unlabeled
https://drive.google.com/uc?id=1l7z1prxlLncJDtxSmOnerlcDseM11eQ_,unlabeled
https://drive.google.com/uc?id=10GS30qguMkAJZov4Q8yXb2PXB0sNcXrh,unlabeled
https://drive.google.com/uc?id=19qCW98NvRRH2qyRHbs5dtX_18yvYOJlC,unlabeled
https://drive.google.com/uc?id=1Fxi_7wQsM4mW91CJ46yieLYuES9L5ew1,unlabeled
https://drive.google.com/uc?id=1_DIPXnlxkBgAZYWAKmfxEfFl0fS-YdP-,unlabeled
https://drive.google.com/uc?id=1vED4Mh64FnewxzzL9MjauF-Rfi-HDUG8,unlabeled
https://drive.google.com/uc?id=1BnKyzHKKsKTVL_e3Xu_PQwMZZK2_c0bS,unlabeled
https://drive.google.com/uc?id=1CGNmLNwaEQewOGlIwXjP7RCxy_dEAjWi,unlabeled
https://drive.google.com/uc?id=1F2gqir12JxkV2AQ-0_8GPVGDnxGqvkg5,unlabeled
https://drive.google.com/uc?id=1AC97SidWnc5hwJAXPxKP7k8oltkZbCnh,unlabeled
https://drive.google.com/uc?id=1eR9gCYVipKjXCcQ6V0esydnkQX2YduNE,unlabeled
https://drive.google.com/uc?id=1jzsiLm4eZEZ8aYUGkBP1ExIJLcp6e2wL,unlabeled
https://drive.google.com/uc?id=1rnKB_efss0bqaoUzdnc2sjWXChTn7gi2,unlabeled
https://drive.google.com/uc?id=12s0ARqTVGjCmlsHnSqE4Hien5yDTVGmw,unlabeled
https://drive.google.com/uc?id=1g1jad43OBPYrnV-soh7LxNP_-G0MBkTo,unlabeled
https://drive.google.com/uc?id=1I7VYZrEqFL1QvS8kHoe2Ix8BNzje64yU,unlabeled
https://drive.google.com/uc?id=1aq60V5_HHrDXUcDUBXYmVMSqKbvgrSYV,unlabeled
https://drive.google.com/uc?id=1xyLcC9trJlc_7QwfsTsxM4DrpjzzKWC_,unlabeled
https://drive.google.com/uc?id=1UjjmOeNEQhbQfH1der5JP0-9z662wjHb,unlabeled
https://drive.google.com/uc?id=11q1rnsAVRkm1Q6kQykXGqxoM_99oqtzB,unlabeled
https://drive.google.com/uc?id=1tRlpIOnoDzybxxq4dOVFCMXttFg6sS--,unlabeled
https://drive.google.com/uc?id=1xtxPYrZoPlUGIFIbdmsERtu-z_WfIcTd,unlabeled
https://drive.google.com/uc?id=1rYB3TyMG2eb8xmvAlUw4o-LJHtVLrw5y,unlabeled
https://drive.google.com/uc?id=1DrHtgWp7wNXY8LiUZgaKQ7OX0jCc4LO4,unlabeled
https://drive.google.com/uc?id=1w7ZL0KHm_5e6jllikYn8mxnLywVuJsmR,unlabeled
https://drive.google.com/uc?id=1I3bD7T873_zEdNVH-SvmsuNHV2Q_a3CB,unlabeled
https://drive.google.com/uc?id=1rCeqoRzc05BoZZ5PJe6ROfStKt9jReMw,unlabeled
https://drive.google.com/uc?id=13QgDteyAfwWhyB9kJFYmb-susrwbKW8d,unlabeled
https://drive.google.com/uc?id=1pqUET2RufOPrqfJrQZ0mZCT2Gd2K4Rif,unlabeled
https://drive.google.com/uc?id=1pgGXkLFl87sYd6f78A8mptZzSKYigbBi,unlabeled
https://drive.google.com/uc?id=1WlQ5R5UFvZ9fATMmOC97R6FTlCXb4tes,unlabeled
https://drive.google.com/uc?id=1opPv2qA4aVxUbx22yCMc4B0hTpW8hXk3,unlabeled
https://drive.google.com/uc?id=1l7LyVFfQugy_SOYwKPpSsr_CDlaodWIJ,unlabeled
https://drive.google.com/uc?id=1i-ODN6oCC3yEzGz1Q4fPzHJSeEh12zzn,unlabeled
https://drive.google.com/uc?id=1x5Hziid6sd-bbqh3ILhh6rZBmPHj-gng,unlabeled
https://drive.google.com/uc?id=1alOJHzQ3lOb-BpIlQmTDccAdXPC4smkJ,unlabeled
https://drive.google.com/uc?id=1SeIF61gBiyLEd03CLJXgEMeRAXIzoCpG,unlabeled
https://drive.google.com/uc?id=1B58EpXxRq6gyhb8ZigOoRP1KzTv2YEMp,unlabeled
https://drive.google.com/uc?id=1C0LTzaVDlY5VDqfchtiEhCEjUYM6qA6c,unlabeled
https://drive.google.com/uc?id=1B6aVXRV-O56tk9nRP32XDshwtoZD_QEo,unlabeled
https://drive.google.com/uc?id=17g9r9_Rf8S9jB1nb0hDYnS7xEmpB0FoH,unlabeled
https://drive.google.com/uc?id=1I4ST2Z7JI5LK-U9WXvUgqkKNMUt0hKhE,unlabeled
https://drive.google.com/uc?id=1goms9a_kPB2UAYMZT91DawG1vH71DvrQ,unlabeled
https://drive.google.com/uc?id=154evb1VknX-q9KFHbRQqgh8GyjCeexmQ,unlabeled
https://drive.google.com/uc?id=1aUMwG0QyeS0UCObx3r5DIUCocsbAKLpe,unlabeled
https://drive.google.com/uc?id=1nn6JbwJ4RkmIvSx69QO-jKX1pAWRzpcI,unlabeled
https://drive.google.com/uc?id=1ktG7fkja4viftR8Zn4OXqlY495ccAxfc,unlabeled
https://drive.google.com/uc?id=1BMMVCgtJFNC3y3KpAXtmTY83ImAA3T2n,unlabeled
https://drive.google.com/uc?id=1yykj0UsZ-7jasS-VZzEkkyxN7yzfxSeP,unlabeled
https://drive.google.com/uc?id=1gsrNyNdN_vw9Yax_RrjzCBAcbXgOfsyz,unlabeled
https://drive.google.com/uc?id=1kllGUqJk78dt9-21h72wGM3uIFu8VIQt,unlabeled
https://drive.google.com/uc?id=1rpzQhVbnZStCKYHAzx-qPysw7u8hQdXG,unlabeled
https://drive.google.com/uc?id=1MEv9KJTrL2bWzHr9sKhGzDrZELm5nva9,unlabeled
https://drive.google.com/uc?id=1tz-ZYD67n-onaS98g-nNR_l4sWsQRD6-,unlabeled
https://drive.google.com/uc?id=15gliYBUXtXFbGC6S_Yg7VpjKyq7M_mHC,unlabeled
https://drive.google.com/uc?id=1Nu6s94magADcSErgK7lATa05qJrKdrGO,unlabeled
https://drive.google.com/uc?id=1jf8olB4J6VNN4EDk1tYmOp5d1aqYWMsi,unlabeled
https://drive.google.com/uc?id=1z9VtsvD63DyjMPQbaCz7-T0_8l_hFF2U,unlabeled
https://drive.google.com/uc?id=1WQ6asX7DFkv8RtE85bgHM0ypAMvw9u9c,unlabeled
https://drive.google.com/uc?id=1G3c47WlUqz9KjFEqrXOOq06uiwiE9YgE,unlabeled
https://drive.google.com/uc?id=1VpD-GQ454pREcw62R_AQuIl7AKZR8NTB,unlabeled
https://drive.google.com/uc?id=1aL9fX9zSVM8tkBqMkJdc6dmBNlYGeRhq,unlabeled
https://drive.google.com/uc?id=1FT1hN2PVixXG7B88nSZPmoQMVwRJCFun,unlabeled
https://drive.google.com/uc?id=18KCqHg-bP66U9q2cS489BUM8P0NvFfaC,unlabeled
https://drive.google.com/uc?id=18zu6ikSLoZ6MMqqkDK9FRPSOjn07DPgV,unlabeled
https://drive.google.com/uc?id=1UghHTWfFIuTAVYOQPLkRFP6sQEm4flHE,unlabeled
https://drive.google.com/uc?id=1Zc0_nH902TlU9w2lRlCBOmylEzKZKMy0,unlabeled
https://drive.google.com/uc?id=15l2pJohIAn6UbEv2Zls8aYvlhtiQYbeH,unlabeled
https://drive.google.com/uc?id=1fJyGCcWh1joS-q-ezin4SDObgE47It_s,unlabeled
https://drive.google.com/uc?id=1MhmHmj2tgOjgT75VwaMHZO0y3o_k6nJY,unlabeled
https://drive.google.com/uc?id=16VuHOiPrl3yqiVpzTvspJQEERSRvJQZu,unlabeled
https://drive.google.com/uc?id=1G_oWKnXJHcbdLERSB1TglTPLSTY17dSx,unlabeled
https://drive.google.com/uc?id=1FFmcAn7h5KAGJeuLeWa4NkEpWXSHUagN,unlabeled
https://drive.google.com/uc?id=1sj1-0RmbvaZxRZPgNNJcnhop1POq7h3f,unlabeled
https://drive.google.com/uc?id=14iFcuTWD_D30gVRBdoJelkLHFgmmx-nw,unlabeled
https://drive.google.com/uc?id=1c6z2Fj1Tks1LbC89qc8BQSmjdegTVyzC,unlabeled
https://drive.google.com/uc?id=1GTmBI8V7ld0KU9Y7HGy57CbNFpAwQKW7,unlabeled
https://drive.google.com/uc?id=1u8je0ZdNKgicPZnt0lP6Rrqm3uSUOLug,unlabeled
https://drive.google.com/uc?id=1-8fYjUbzrA51j3RbWIvUlEFugYi1K0nB,unlabeled
https://drive.google.com/uc?id=1gdOc7KecvYfqyguDCVksWyWp9OnZdc5S,unlabeled
https://drive.google.com/uc?id=1AaQlFbQDSSIKyM9P_Ewr3bkCl17Vvkj3,unlabeled
https://drive.google.com/uc?id=18zJv5bTLlSHjR022iFXZI63v8U-QusPm,unlabeled
https://drive.google.com/uc?id=1_TLFh2d9E2Q1jwbHlAPdynD9mzZwHxkk,unlabeled
https://drive.google.com/uc?id=1rvzhM18ZW9cQzMvUwIb51zhrTtUP-FcC,unlabeled
https://drive.google.com/uc?id=13GhPxqoNC_ZiB3QzeVRg1p69aQvn8EzO,unlabeled
https://drive.google.com/uc?id=1kjIODIdmRaAILe4RO8IFlT0n3WcgOSTw,unlabeled
https://drive.google.com/uc?id=1eacI3fkWs_D_6VPY99bdZp6vqav7XF9Y,unlabeled
https://drive.google.com/uc?id=1fXMyD4t5fs2qFxsb80vRFjqpLWEInbIA,unlabeled
https://drive.google.com/uc?id=1moeM4s-kYbnHJ8TGHv8D8lR6kzANlnuM,unlabeled
https://drive.google.com/uc?id=13A0jh8wXP7Tl1KTOj56Ph9I8D2DDchDW,unlabeled
https://drive.google.com/uc?id=1sR0RsVC9h4KgaH5Y1hK65YnAPZmye1-x,unlabeled
https://drive.google.com/uc?id=1b1ZpFJXsgOtGa_zhnY8-tlVx3MXcmnay,unlabeled
https://drive.google.com/uc?id=1OAaKfi-3o1iXH_oB5WZx9_16pY2pN01r,unlabeled
https://drive.google.com/uc?id=1C8nh2qFI3QEflTGgN4WT_Zm_zFpFr6lj,unlabeled
https://drive.google.com/uc?id=1L88Y7kEii1-WGkgPNfImUw2TTdb7fB39,unlabeled
https://drive.google.com/uc?id=1q08ltptazn28NxyAhuEkWoUcTTPpXxuM,unlabeled
https://drive.google.com/uc?id=1j-_-mUg41i1NKTVsc9xttlVaRVU9sCvN,unlabeled
https://drive.google.com/uc?id=1vlihD0FiKPYabjTq_oEjmlgMKtvEHHqo,unlabeled
https://drive.google.com/uc?id=1WqCbMVhVVbKAei6TOW_yUQvHN7n7qLmn,unlabeled
https://drive.google.com/uc?id=1IUi6QelHOjNPf2eBiqj9L4KgG3T8IRGd,unlabeled
https://drive.google.com/uc?id=1G1Z52aAPfJUNKIaszxiM5PEWkkPlFxKo,unlabeled
https://drive.google.com/uc?id=1TsBJNmc5MLlrolkR1jJaDPkZRI9AKeA1,unlabeled
https://drive.google.com/uc?id=1ok3auUFsde_ofu7BmUx4K1qGVEMH6XIt,unlabeled
https://drive.google.com/uc?id=1IfJ7U4i1yuH_CKhDCkO3QpkJM9tjZUu0,unlabeled
https://drive.google.com/uc?id=1NuOyK5Q3EMo1opVaO4F30CpjjqHlDEA3,unlabeled
https://drive.google.com/uc?id=1eRIrH6QaaMqz-I8e2X2LbkNIDw4l7mzG,unlabeled
https://drive.google.com/uc?id=1j1oPcluOZmRtmtmn2f8iP7UYr2LFV54z,unlabeled
https://drive.google.com/uc?id=1gkrH8HHVaOINp9-C0vCx1-sTYVi8h2du,unlabeled
https://drive.google.com/uc?id=1EkaizDaImZcj8TQ-p2my00wZbX6RiCKh,unlabeled
https://drive.google.com/uc?id=1uB2TxJPMSkWcttRIObYnxjx0qHD70O8r,unlabeled
https://drive.google.com/uc?id=1iY8LvDkmOMqnvfO3F3q7Pu0H_cHg1ZGH,unlabeled
https://drive.google.com/uc?id=1ruEu8ndzcK6f466EPGADoUNF83cq9FSc,unlabeled
https://drive.google.com/uc?id=1mRv2b6_Ce-RbPpYrKa3uetc_vEWTosF4,unlabeled
https://drive.google.com/uc?id=1yi1KDtBItYGaKdTlPabaMg227vdcbwk-,unlabeled
https://drive.google.com/uc?id=1ixc-5yfy3y5fI9QQHkQlpoLfju_NYFgR,unlabeled
https://drive.google.com/uc?id=1ABFPZxSb8WhiFPVK4zeaNi2O_EzKDg55,unlabeled
https://drive.google.com/uc?id=1uP65m5U5b3AgQVnDjc5UB_mkXXYUaECe,unlabeled
https://drive.google.com/uc?id=13i4j3ZsJvBvbNxxFG5On97fhrjbsY8Ek,unlabeled
https://drive.google.com/uc?id=1EpbmQnKBrOfCm5zf_ZSoMtPdOWOVcsNj,unlabeled
https://drive.google.com/uc?id=1Xk5AIRX1xkc0Dsho86UpZbxgNbbUEFV3,unlabeled
https://drive.google.com/uc?id=1XPto5ffCUfGGlWn_FALsOUvzGEhl2DHW,unlabeled
https://drive.google.com/uc?id=1gis4DCTZntWI9tyKRQbGj0CS_EAWPVjw,unlabeled
https://drive.google.com/uc?id=1gg_LRhc6x6lBO7AQBvodVamkXyQnTObf,unlabeled
https://drive.google.com/uc?id=1zBuMiWXimnwAtmVe2ezq-ST68P2ektWx,unlabeled
https://drive.google.com/uc?id=1uYsArFusTTyRWGNwTVqtuQrQ96eosGNS,unlabeled
https://drive.google.com/uc?id=1S4-yD1WtVmJojjvAsE-kCh58Y9ry5Jbc,unlabeled
https://drive.google.com/uc?id=1mMsZKNsrdXg7d1w30dIGH79KEktgtmis,unlabeled
https://drive.google.com/uc?id=1NL7iOt_QjS32r1OlcHI8ScsinCQ3GjOo,unlabeled
https://drive.google.com/uc?id=1hJGtYf6DoyutJJTp4NX3uLd3xIRRTuoH,unlabeled
https://drive.google.com/uc?id=1hBjjB_fOuLTx4PKB1LpTR4QkhR_TFfnw,unlabeled
https://drive.google.com/uc?id=1MPmXe8nIuySJjcQ7sktvUBvIsAWtwutI,unlabeled
https://drive.google.com/uc?id=1RR-MoHwA7T2HxkC2dUS01q3sYs7fnd5f,unlabeled
https://drive.google.com/uc?id=1LzM-E1QsrMk3pmaGhVhEL21hojoUYZdo,unlabeled
https://drive.google.com/uc?id=15AFJmyt4ppTjRezlJEhw5VAH2lu58CRs,unlabeled
https://drive.google.com/uc?id=1YJGq48vo9jyUYE-b16OpVN4GRR8WKnsa,unlabeled
https://drive.google.com/uc?id=1Wq4Tn_aoQZifyFEk4NkAOZ__MXhHxqU7,unlabeled
https://drive.google.com/uc?id=1A-RwwHVOUbp_eTFN246_qKmAdzMmL8zn,unlabeled
https://drive.google.com/uc?id=1JKX9dKAXXoFUG8drHuwEp8rqSCWORP2F,unlabeled
https://drive.google.com/uc?id=13HAjp3JHexgKxZzUOnXnsjgTk8v3Pqyg,unlabeled
https://drive.google.com/uc?id=1zrbkvgHBBoKxxHGJDfZfi8NJyYXvn36j,unlabeled
https://drive.google.com/uc?id=1g4r165ymGlDrucqeyJv6OMVKBaGHveC3,unlabeled
https://drive.google.com/uc?id=1wMdvUVrev1_NC-m_YYXGusxrzbd8Fhov,unlabeled
https://drive.google.com/uc?id=1vxLFzyabyHnVgFwWfeFV0GG8TXtg9FRC,unlabeled
https://drive.google.com/uc?id=1whU6XDbTc12E7xAMZrXk2sR1v9S1GVPr,unlabeled
https://drive.google.com/uc?id=1LaT3l5hJLD39MJtHCWTBcbdyHEfnc9E4,unlabeled
https://drive.google.com/uc?id=1OKgR9HUFvriwS4QHQ5uUwqtnFZ1oRgDV,unlabeled
https://drive.google.com/uc?id=17SeJhHY7SC7yMVm_QYVELGP2yGSrFEej,unlabeled
https://drive.google.com/uc?id=1O6XKcfjbJaZ9jM6DJzRVDtChEVT-7Iw5,unlabeled
https://drive.google.com/uc?id=1hLTpX6kdxpwGxFzV-28Or-MMbW8NjJEu,unlabeled
https://drive.google.com/uc?id=1CaTYzbhz57_U02rKRzZVqs6s4xVgDG_l,unlabeled
https://drive.google.com/uc?id=1vG4Z77GdlIHOlca4CbXO3C0FTJONOCqa,unlabeled
https://drive.google.com/uc?id=1TXPHPaAB-IDQxfzQgsiJ-oVWw1elw0g2,unlabeled
https://drive.google.com/uc?id=1Muxc2R1AD381bBzkXPXiUGzJ2QxlSFQC,unlabeled
https://drive.google.com/uc?id=1zZnIODqqBLN3quTjxNI_f7Anmjka6f0E,unlabeled
https://drive.google.com/uc?id=1h55xHdSD8JBT0mkNFCub8rQuWE09p3wd,unlabeled
https://drive.google.com/uc?id=1vEW8P-Ut5mWCxEWoFQlYCl03CjHZ2UQt,unlabeled
https://drive.google.com/uc?id=1GZbwslus7QYGGAs_9BovnPLselUoxKPM,unlabeled
https://drive.google.com/uc?id=1ONEUDzOCDDgla1ZnAscuRVV-tTV-1XfB,unlabeled
https://drive.google.com/uc?id=1ttGYij7vhgRTQWyihjuTS9OvmL4uW5J1,unlabeled
https://drive.google.com/uc?id=1SrJUTyYWVDLzYrmN08a-8LoGERghFDn-,unlabeled
https://drive.google.com/uc?id=10mB-XNlXson-KKjUMXTaXSbqOcJRj7Qt,unlabeled
https://drive.google.com/uc?id=1GGjoHJtzKhvz4sHIakE53Z7sDNxCXm7A,unlabeled
https://drive.google.com/uc?id=1P9SAOTZOG3NuAH-nFwraXJcWGvdN5OPr,unlabeled
https://drive.google.com/uc?id=1JRaUqPxAWNrvBRq5ImKAnMK7BAY9X1eH,unlabeled
https://drive.google.com/uc?id=1K4COrsESPIqpVLfLecwBKyO7Q68Dj4Qy,unlabeled
https://drive.google.com/uc?id=1B_Z4KR8hb2TphbbmSEiumtGewSLEyrmE,unlabeled
https://drive.google.com/uc?id=1HHCdq3xbrX0tpV3JweMk_cALKT1ETFiV,unlabeled
https://drive.google.com/uc?id=1kCIi79SMkksr5pREusNbZE_y6nzR40LU,unlabeled
https://drive.google.com/uc?id=1Bal8xQG0o9Q1fs0ibCpLQaeWb02Y65Ki,unlabeled
https://drive.google.com/uc?id=13QMA0w7NH_0w5NWlKe_IKhEHjMnzPskA,unlabeled
https://drive.google.com/uc?id=1pGgYwwQeRo6zatzBwE310zhMa5aO9WXc,unlabeled
https://drive.google.com/uc?id=1pS93RL34L_tnU7OUmwNszzPOH3O9flJg,unlabeled
https://drive.google.com/uc?id=1LTezaAgud8uY48GDuxVwq4zwK3B2_t_V,unlabeled
https://drive.google.com/uc?id=1OrQr_4V1cG9ojP4F8b0FgJR94KwCq52-,unlabeled
https://drive.google.com/uc?id=1GHbyxzRMEevj2Fu45WRSE2NUG5ck8rt_,unlabeled
https://drive.google.com/uc?id=1zPvUh2lVgqeOFnn1ie7S424HHWJZv1Dq,unlabeled
https://drive.google.com/uc?id=10-0DhHU1JKQQKZ4KlIJJ0d2FtMzAXsH2,unlabeled
https://drive.google.com/uc?id=1A6WyjNYPGzgSjNsGTIKL9fghlacmJVpA,unlabeled
https://drive.google.com/uc?id=1RnohKIlGuSJXn-4I_7TAzSPx7OpryIuj,unlabeled
https://drive.google.com/uc?id=1hz2twt70S-Az_W-UGqxUcEJZPIoA5jCP,unlabeled
https://drive.google.com/uc?id=1BWeOr40A2TF87ONBzk3ojv_gErWEtok2,unlabeled
https://drive.google.com/uc?id=1fCUSxi0xyWDdyf-DYw_4uXormOl6G6oZ,unlabeled
https://drive.google.com/uc?id=1kNvTsFOY-YejnrIucESz4YNy2_USv6hV,unlabeled
https://drive.google.com/uc?id=1nRZsK_68UOQDyTId7w3uUs3FbZTdkTSD,unlabeled
https://drive.google.com/uc?id=1caiO6fuJy-3YO-nw6A3VvM7Fn66WmgJ_,unlabeled
https://drive.google.com/uc?id=1nyRLRrrM9ymk_KVOPsOoli8eY4CZy5T8,unlabeled
https://drive.google.com/uc?id=1-aeh4sMEqpbW4G4ROAvgN1iWhusDXNxv,unlabeled
https://drive.google.com/uc?id=1slxM_nKZbXemLCw1NZRGJVyd4R7wFHGO,unlabeled
https://drive.google.com/uc?id=1nUrYqJCJNeWNGmI2vXyybwHeyPKLIfXG,unlabeled
https://drive.google.com/uc?id=1lasQJHXvKcxMiB3250ALJV5UG8TZUECN,unlabeled
https://drive.google.com/uc?id=1iVx7HsaNv0ln7HD_9MmzPutdf6l2y2kE,unlabeled
https://drive.google.com/uc?id=1mshrP57RrmD2_Vf4ySGZYHbOjONN_Lt1,unlabeled
https://drive.google.com/uc?id=1_T67TolP-zrgWZU0i33MpiWvCOGlTb08,unlabeled
https://drive.google.com/uc?id=1_iqMMhM7adwFGOs2Nazs7Ds-QbfDPIHy,unlabeled
https://drive.google.com/uc?id=1Pk1TJiXMrB4C6ZJTNTQaiymjeZVsKVG-,unlabeled
https://drive.google.com/uc?id=10XNdbPTqcny39rQd2-JukF85QvD5IjbM,unlabeled
https://drive.google.com/uc?id=1pnNqqa8WjAwOYek_49bcNUcLpQGyR2BM,unlabeled
https://drive.google.com/uc?id=18S6q3rQlnOPzAygR1rmoIs2wz5X0Klam,unlabeled
https://drive.google.com/uc?id=1e_HqMz_ZW02FLqytzXk3TfQzeUYY550s,unlabeled
https://drive.google.com/uc?id=1WcPRHtag4mjBMs6x7Y5CoFhEsbRo9tL2,unlabeled
https://drive.google.com/uc?id=1c6JsHnKBxnDqmo4hB4GE8ie1XY-PSJns,unlabeled
https://drive.google.com/uc?id=19pdCRDIx7BslhedPzGZJCQtLPNHuteGk,unlabeled
https://drive.google.com/uc?id=1A4z4oU4PWiIaG3SLHQGRmpaEgIeryeDC,unlabeled
https://drive.google.com/uc?id=1lF8005WQ_qOoAe-sd7qKPQf2M8hgfTJ-,unlabeled
https://drive.google.com/uc?id=1INCNPPXV46o7LeNAjDnEPrV3xE4JaF0N,unlabeled
https://drive.google.com/uc?id=1HXeaQ8nSjg_eKlUpSH82D_PrV5RGQ3EB,unlabeled
https://drive.google.com/uc?id=1a9A9v4FE1BFQFcT-LvPjOC9DU-GEU019,unlabeled
https://drive.google.com/uc?id=1ranrq8hf8VPlH-xv8M-LWd7oMbPJKSoQ,unlabeled
https://drive.google.com/uc?id=1amXmlkAOZjT9L-LKSGVbOvNhF6DpbARa,unlabeled
https://drive.google.com/uc?id=1bzDgw3syC7KaQIaFIlOMnS8qPkM60IhE,unlabeled
https://drive.google.com/uc?id=1H0ccemHqf4ZwESwluNkKD4MxA40tMALf,unlabeled
https://drive.google.com/uc?id=1Nm9E_qZ-cfc5sCZLFP6nuS1EQXdlGFPh,unlabeled
https://drive.google.com/uc?id=1Jp5ieoZJ6PrPbOhlYanEhf_182ejT1kv,unlabeled
https://drive.google.com/uc?id=1AkBBL19PKInnuGs7y5CRhks3I06beu7T,unlabeled
https://drive.google.com/uc?id=1o4oPisKEYK9DHeLwkOiBlFoDCWp6Zsw4,unlabeled
https://drive.google.com/uc?id=1MUCZbIQ0oKXRAGatbKq_WYAlYDhB8NZ2,unlabeled
https://drive.google.com/uc?id=11T2GyWs0mOgl5RG5eG7dc9IpyScbz-N0,unlabeled
https://drive.google.com/uc?id=1swh3p53pVvqAN0PIpH4gpI_kmn6VXC5n,unlabeled
https://drive.google.com/uc?id=1kNQ2ggkWKrHTzeq0_CG4CjLUrQug7OS-,unlabeled
https://drive.google.com/uc?id=1FGwsm_T4yW1HLvFk0_9CweMMzM6Sffm2,unlabeled
https://drive.google.com/uc?id=1-Ug2xwB6CBeyjlzyaBmzIcM3tWlnGMS3,unlabeled
https://drive.google.com/uc?id=16bboHr_SrInk2J5_0vR4nVhmiC-2CiWQ,unlabeled
https://drive.google.com/uc?id=1ifbfpfdoYmOp1bG4htOdCTToY45cgbXi,unlabeled
https://drive.google.com/uc?id=1ag_-Zy9fue7V4Y6tII28BJrkM_18-laF,unlabeled
https://drive.google.com/uc?id=1qkvKr6w3MXgvM5TsQhXBvtKfVyN998wL,unlabeled
https://drive.google.com/uc?id=1W-ZQ91MSGb0HETm9D9NIYpgViIP7O4g_,unlabeled
https://drive.google.com/uc?id=1zT-QWdlhObOxW9qTP9M4r6zOrF292O77,unlabeled
https://drive.google.com/uc?id=1gNPNLbFkltKjhX-9SifHPY2oYAGW7HUL,unlabeled
https://drive.google.com/uc?id=130ajev_UQJYLre7vTcORXWfZ9pyYpxcl,unlabeled
https://drive.google.com/uc?id=16EfbUIdawahDJXrAEhidKkPTIJTj6LH-,unlabeled
https://drive.google.com/uc?id=1r9r_ydLrXIJmsxHU3w0oji7RFFLYTCXn,unlabeled
https://drive.google.com/uc?id=1soDOpi3QjU5Tb185gYqmv7Zvg2K9oMex,unlabeled
https://drive.google.com/uc?id=1CJxdNoq3CFyfuOaFcq1IKlKpPHVUzTha,unlabeled
https://drive.google.com/uc?id=1iNzL5J8hWRnOPuqXifbIk59-iwNAs0n-,unlabeled
https://drive.google.com/uc?id=1iW4DnwpTjpK9BwMTqcIGz3GGhVSBfEfX,unlabeled
https://drive.google.com/uc?id=1V3zmww2EmNOFESjNwmJZUbotmwlRz__j,unlabeled
https://drive.google.com/uc?id=1nk9e021-_BX3Hid4yzz5V3awoav-tyKx,unlabeled
https://drive.google.com/uc?id=1rgdAbg3hq7Bm5WEtORfldoRfjN95FrzG,unlabeled
https://drive.google.com/uc?id=13f8EdQKyhdIsjHhndHHxzcYw9BcnooXz,unlabeled
https://drive.google.com/uc?id=1HA3KKFkEoBwujQyYx4MRQhIiuqUxwkzg,unlabeled
https://drive.google.com/uc?id=1cz88mfuXrMUUeUUwLTjMY2CfSjEBPjvw,unlabeled
https://drive.google.com/uc?id=1fld99IKysW0T11gtjX5RYhxfB65k0wxm,unlabeled
https://drive.google.com/uc?id=1JNzTMloePCXn6Hrq6lRfUMIUMNuxkrMI,unlabeled
https://drive.google.com/uc?id=1MDFIyElZiXFQQRY6yv1RZcjQ-1IxBy2e,unlabeled
https://drive.google.com/uc?id=1cN9EfSw4XuMsUXS5-YvFC3P25SlKpTKU,unlabeled
https://drive.google.com/uc?id=1uRNWma9OHdDkvgJ2EiMBtNJF4pKzi1Q-,unlabeled
https://drive.google.com/uc?id=1EyaNuhd6AggsU8WEaTfcqagLZ-W5mLd6,unlabeled
https://drive.google.com/uc?id=1egXNuFe87gJL_6YUAmd3wB9DeJCg1xjA,unlabeled
https://drive.google.com/uc?id=1kkYDF3pQ09dG6sY0AB4lDfqo4H7cP_PX,unlabeled
